<?xml version="1.0" encoding="UTF-8"?>
<ns0:systemOutages xmlns:ns0="http://uscis.gov/uscis/xsd/services/pcq/outages">
    <ns0:outage>
        <ns0:system>ESB_DOJ-EOIR_READ</ns0:system>
        <ns0:type>UNDETERMINED</ns0:type>
        <ns0:message>Error while mapping activities results from ESB_DOJ-EOIR_READ</ns0:message>
        <ns0:fixedDuration>
            <ns0:startDateTime>2017-01-01T01:00:00</ns0:startDateTime>
            <ns0:endDateTime>2017-01-01T01:00:00</ns0:endDateTime>
        </ns0:fixedDuration>
        <ns0:notificationType>0</ns0:notificationType>
        <ns0:icon>0</ns0:icon>
        <ns0:enabled>false</ns0:enabled>
        <ns0:action>NEW</ns0:action>
        <ns0:outageID>ba54a0ca</ns0:outageID>
        <ns0:isFixedDuration>true</ns0:isFixedDuration>
    </ns0:outage>
	</ns0:systemOutages>