<?xml version = "1.0" encoding = "UTF-8"?>
<systemOutages xmlns = "http://uscis.gov/uscis/xsd/services/pcq/outages" xmlns:xsi = "http://www.w3.org/2001/XMLSchema-instance" xsi:schemaLocation = "http://uscis.gov/uscis/xsd/services/pcq/outages UnavailableSystems.xsd">
		<outage>
			<system>ESB_CCC_READ</system>
			<type>application deprecated</type>
			<message>has been deprecated and is no longer available.</message>
			<fixedDuration>
				<startDateTime>2014-07-21T01:00:00</startDateTime>
				<endDateTime>2017-09-30T23:59:00</endDateTime>
			</fixedDuration>
			<notificationType>2</notificationType> <!-- Optional -  0=outage (default),1=both,2=notification only -->
			<icon>2</icon> <!-- Optional - 0=error (default),1=warning,2=info -->
		</outage>

</systemOutages>
