<?xml version = "1.0" encoding = "UTF-8"?>
<systemOutages xmlns = "http://uscis.gov/uscis/xsd/services/pcq/outages" xmlns:xsi = "http://www.w3.org/2001/XMLSchema-instance" xsi:schemaLocation = "http://uscis.gov/uscis/xsd/services/pcq/outages UnavailableSystems.xsd">
	<!--  Outages  -->
		<outage>
			<system>ESB_RAPS_READ</system>
			<type>networking failure</type>
			<message>is currently unavailable.  Test Message</message>
			<repeatingDuration>
				<startTime>10:00:00</startTime>
				<endTime>21:10:00</endTime>
				<days>Sat</days>
			</repeatingDuration>
		</outage>
		<outage>
			<system>ESB_FD258_READ</system>
			<type>application maintenance</type>
			<message>is currently unavailable due to scheduled maintenance</message>
			<repeatingDuration>
				<startTime>01:00:00</startTime>
				<endTime>23:59:00</endTime>
				<days>Sun</days>
			</repeatingDuration>
		</outage>				
		<outage>
			<system>ESB_AAA_READ</system>
			<type>application deprecated</type>
			<message>is currently unavailable due to certificate issues in DC1.</message>
			<fixedDuration>
				<startDateTime>2014-07-21T01:00:00</startDateTime>
				<endDateTime>2017-09-30T23:59:00</endDateTime>
			</fixedDuration>
			<notificationType>2</notificationType> <!-- 0=outage (default),1=both,2=notification only -->
			<icon>0</icon> <!-- Optional - 0=error (default),1=warning,2=info -->
		</outage>
		
		<!--  Notifications  -->
		<outage>
			<system>ESB_BBB_READ</system>
			<type>application deprecated</type>
			<message>is currently experiencing intermittent network failures.  Please retry your search.</message>
			<fixedDuration>
				<startDateTime>2014-07-21T01:00:00</startDateTime>
				<endDateTime>2017-09-30T23:59:00</endDateTime>
			</fixedDuration>
			<notificationType>2</notificationType> <!-- Optional -  0=outage (default),1=both,2=notification only -->
			<icon>1</icon> <!-- Optional - 0=error (default),1=warning,2=info -->

		</outage>
		
		<outage>
			<system>ESB_CCC_READ</system>
			<type>application deprecated</type>
			<message>has been deprecated and is no longer available.</message>
			<fixedDuration>
				<startDateTime>2014-07-21T01:00:00</startDateTime>
				<endDateTime>2017-09-30T23:59:00</endDateTime>
			</fixedDuration>
			<notificationType>2</notificationType> <!-- Optional -  0=outage (default),1=both,2=notification only -->
			<icon>2</icon> <!-- Optional - 0=error (default),1=warning,2=info -->
		</outage>

</systemOutages>
