{
    "PredefinedInformationGetDetailResponse":{
      "responseStatusMessage":{
        "statusCode":"ESB-VIBE.STATUS.002",
        "status":"Operation Sucessful"
      },
      "duns":"079144094",
      "agn":"",
      "organizationName":"Mims Consulting LLC",
      "address":{
        "addressId":"329500271",
        "city":"Washington",
        "country":"USA",
        "postalCode":"20007-3595",
        "state":"DC",
        "streetExtension":"",
        "streetFull":"3336 Cadys Aly NW APT 202"
      },
      "validUntilDateRange":{
        "startDate":"2019-12-10",
        "endDate":"2020-12-31T23:59:59-06:00"
      },
      "fdnsdsNumber":"1-123456789",
      "predefinedInformationComment":"THIS COMAPNY IS RAMPANT WITH FRAUD!!!!   DO NOT PROCESS ANY RECEIPTS UNDER THIS!!!! gh\r\n\r\n\r\nAnand and Tim are really good guys but the law is the law and justice must be served!",
      "addedBy":"0367931081@USCIS.DHS.GOV",
      "processStatus":"A",
      "dateAdded":"2019-10-15",
      "approvalDate":"2019-12-10T11:45:28-06:00",
      "approvedBy":"0367931081@USCIS.DHS.GOV",
      "preDefCommentType":"",
      "preDefFormCommentType":"I129I140",
      "overrideScore":"RED",
      "justificationComment":""
    }
  }