{
    "PredefinedInformationGetDetailResponse":{
      "responseStatusMessage":{
        "statusCode":"ESB-VIBE.STATUS.002",
        "status":"Operation Sucessful"
      },
      "duns":"",
      "agn":"33751680",
      "organizationName":"abebeBekele",
      "address":{
        "addressId":"329500142",
        "city":"c",
        "country":"UNITED STATES",
        "postalCode":"",
        "state":"CA",
        "streetExtension":"",
        "streetFull":"ccc"
      },
      "validUntilDateRange":"",
      "fdnsdsNumber":"LEAD 1212121212",
      "predefinedInformationComment":"dfdf",
      "addedBy":"akumar",
      "processStatus":"U",
      "dateAdded":"2019-09-23",
      "approvalDate":"2019-09-23T20:01:34-05:00",
      "approvedBy":"AKUMAR",
      "preDefCommentType":"",
      "preDefFormCommentType":"",
      "office":"CSC ADJ",
      "overrideScore":"N/A",
      "justificationComment":"dfd",
      "siteVisitProgram":"ASVVP"
    }
  }