{
    "PredefinedInformationGetDetailResponse":{
      "responseStatusMessage":{
        "statusCode":"ESB-VIBE.STATUS.002",
        "status":"Operation Sucessful"
      },
      "duns":"004736604",
      "agn":"",
      "organizationName":"Camber Corporation",
      "address":{
        "addressId":"329406050",
        "city":"Chicago",
        "country":"US",
        "postalCode":"606034177",
        "state":"IL",
        "streetExtension":"",
        "streetFull":"135 S Lasalle St"
      },
      "validUntilDateRange":{
        "startDate":"2012-08-14"
      },
      "fdnsdsNumber":"",
      "predefinedInformationComment":"8/15/12: THe petitioner has a qualified foreign relationship based on the evidence in Receipt# WAC12334445566",
      "addedBy":"0827733658@USCIS.DHS.GOV",
      "processStatus":"R",
      "dateAdded":"2012-08-14",
      "approvalDate":"2012-08-14T16:32:59-05:00",
      "approvedBy":"CRHODES",
      "preDefCommentType":"",
      "preDefFormCommentType":"",
      "overrideScore":"",
      "justificationComment":""
    }
  }