{
    "PredefinedInformationGetDetailResponse":{
      "responseStatusMessage":{
        "statusCode":"ESB-VIBE.STATUS.002",
        "status":"Operation Sucessful"
      },
      "duns":"",
      "agn":"33751680",
      "organizationName":"abebeBekele",
      "address":{
        "addressId":"329500555",
        "city":"c",
        "country":"UNITED STATES",
        "postalCode":"",
        "state":"CA",
        "streetExtension":"",
        "streetFull":"ccc"
      },
      "validUntilDateRange":"",
      "fdnsdsNumber":"LEAD 1212121212",
      "predefinedInformationComment":"dfdf",
      "addedBy":"TESHOME.HAILE@CIS1TEST.CISRTEST.USCIS.DHS.GOV",
      "processStatus":"P",
      "dateAdded":"2019-10-29",
      "approvalDate":"2019-10-29T11:25:51-05:00",
      "approvedBy":"teshome.haile@cis1test.cisrtest.uscis.dhs.gov",
      "preDefCommentType":"",
      "preDefFormCommentType":"",
      "office":"CSC ADJ",
      "overrideScore":"N/A",
      "justificationComment":"dfd",
      "siteVisitProgram":"ASVVP",
      "nominationSource":"CSC,CBP,SIEVE"
    }
  }