{
    "VsrGetResponse":{
      "SourceSystemID":"VIBEService",
      "SourceTransactionID":"c3bb8bac-2659-4a0c-920a-d3b9ab552b62",
      "ServiceRequestTimestamp":"2020-02-03T13:48:30.274-06:00",
      "ServiceResponseTimestamp":"2020-02-03T13:48:32.981-06:00",
      "AuditCorrelationID":"c3bb8bac-2659-4a0c-920a-d3b9ab552b62",
      "VsrResultSet":{
        "lastRecordIndex":15,
        "recordCountInThisResultSet":15,
        "totalRecordCount":15,
        "VsrRecord":[
          {
            "ScoreID":"1255124",
            "AdjudicativeStatus":"DENIED",
            "ReceiptNumber":"EAC1205650869",
            "PetitionInformation":{
              "ReceiptNumber":"EAC1205650869",
              "PetitionVisaType":"L1B",
              "PetitionType":"I129",
              "ReceiptDate":"2012-06-10-05:00",
              "RecordTimeStamp":"2018-04-27T10:14:46-05:00",
              "OrganizationDataSource":"Petition",
              "OrganizationName":"IBM INDIA PVT LTD",
              "Address":{
                "AddressID":"211504644",
                "StreetFullText":"40 CRAIG DOBBINS WAY",
                "StreetExtensionText":"N/A",
                "LocationCityName":"ST JOHNS",
                "LocationPostalCode":"A1A 4Y3",
                "LocationStateName":"NEWFOUNDLAND",
                "LocationCountryName":"CA"
              },
              "DolEtaCaseNumber":null,
              "Fein":"N/A"
            },
            "VIBEScoreResult":{
              "Score":"ORANGE",
              "ScoreRunTimeStamp":"2020-02-03T13:47:47-06:00",
              "Matched":"No"
            },
            "DNBMatchedBranchInformation":"",
            "DNBMatchedCompanyInformation":{
              "OrganizationName":"IBM INDIA PVT LTD",
              "Address":{
                "AddressID":"329421747",
                "StreetFullText":"40 CRAIG DOBBINS WAY",
                "StreetExtensionText":"ST JOHNS INT",
                "LocationCityName":"ST JOHNS",
                "LocationPostalCode":"A1A 4Y3",
                "LocationStateName":"NEWFOUNDLAND",
                "LocationCountryName":"CA"
              },
              "LocationType":"Single Location",
              "OrganizationPhone":{
                "TelephoneNumberFullID":"1234567890"
              }
            },
            "DNBDetailedCompanyInformation":{
              "SevereRisk":"No",
              "OutOfBusinessIndicator":false,
              "NAICCodes":{
                "NAIC1":"",
                "NAIC2":"",
                "NAIC3":"",
                "NAIC4":"",
                "NAIC5":"",
                "NAIC6":""
              },
              "TradeStyleCodes":""
            },
            "DNBCompanyExecutiveBio":{
              "Executive1":"",
              "Executive2":"",
              "Executive3":""
            },
            "DNBCompanyFinancialInformation":""
          },
          {
            "ScoreID":"1255123",
            "AdjudicativeStatus":"DENIED",
            "ReceiptNumber":"EAC1205650869",
            "PetitionInformation":{
              "ReceiptNumber":"EAC1205650869",
              "PetitionVisaType":"L1B",
              "PetitionType":"I129",
              "ReceiptDate":"2012-06-10-05:00",
              "RecordTimeStamp":"2018-04-27T10:14:46-05:00",
              "OrganizationDataSource":"Petition",
              "OrganizationName":"IBM INDIA PVT LTD",
              "Address":{
                "AddressID":"211504644",
                "StreetFullText":"40 CRAIG DOBBINS WAY",
                "StreetExtensionText":"N/A",
                "LocationCityName":"ST JOHNS",
                "LocationPostalCode":"A1A 4Y3",
                "LocationStateName":"NEWFOUNDLAND",
                "LocationCountryName":"CA"
              },
              "DolEtaCaseNumber":null,
              "Fein":"N/A"
            },
            "VIBEScoreResult":{
              "Score":"ORANGE",
              "ScoreRunTimeStamp":"2020-01-29T08:10:19-06:00",
              "Matched":"No"
            },
            "DNBMatchedBranchInformation":"",
            "DNBMatchedCompanyInformation":{
              "OrganizationName":"IBM INDIA PVT LTD",
              "Address":{
                "AddressID":"329421747",
                "StreetFullText":"40 CRAIG DOBBINS WAY",
                "StreetExtensionText":"ST JOHNS INT",
                "LocationCityName":"ST JOHNS",
                "LocationPostalCode":"A1A 4Y3",
                "LocationStateName":"NEWFOUNDLAND",
                "LocationCountryName":"CA"
              },
              "LocationType":"Single Location",
              "OrganizationPhone":{
                "TelephoneNumberFullID":"1234567890"
              }
            },
            "DNBDetailedCompanyInformation":{
              "SevereRisk":"No",
              "OutOfBusinessIndicator":false,
              "NAICCodes":{
                "NAIC1":"",
                "NAIC2":"",
                "NAIC3":"",
                "NAIC4":"",
                "NAIC5":"",
                "NAIC6":""
              },
              "TradeStyleCodes":""
            },
            "DNBCompanyExecutiveBio":{
              "Executive1":"",
              "Executive2":"",
              "Executive3":""
            },
            "DNBCompanyFinancialInformation":""
          },
          {
            "ScoreID":"1255056",
            "AdjudicativeStatus":"DENIED",
            "ReceiptNumber":"EAC1205650869",
            "PetitionInformation":{
              "ReceiptNumber":"EAC1205650869",
              "PetitionVisaType":"L1B",
              "PetitionType":"I129",
              "ReceiptDate":"2012-06-10-05:00",
              "RecordTimeStamp":"2018-04-27T10:14:46-05:00",
              "OrganizationDataSource":"Petition",
              "OrganizationName":"IBM INDIA PVT LTD",
              "Address":{
                "AddressID":"211504644",
                "StreetFullText":"40 CRAIG DOBBINS WAY",
                "StreetExtensionText":"N/A",
                "LocationCityName":"ST JOHNS",
                "LocationPostalCode":"A1A 4Y3",
                "LocationStateName":"NEWFOUNDLAND",
                "LocationCountryName":"CA"
              },
              "DolEtaCaseNumber":null,
              "Fein":"N/A"
            },
            "VIBEScoreResult":{
              "Score":"ORANGE",
              "ScoreRunTimeStamp":"2019-11-18T12:33:22-06:00",
              "Matched":"No"
            },
            "DNBMatchedBranchInformation":"",
            "DNBMatchedCompanyInformation":{
              "OrganizationName":"IBM INDIA PVT LTD",
              "Address":{
                "AddressID":"329421747",
                "StreetFullText":"40 CRAIG DOBBINS WAY",
                "StreetExtensionText":"ST JOHNS INT",
                "LocationCityName":"ST JOHNS",
                "LocationPostalCode":"A1A 4Y3",
                "LocationStateName":"NEWFOUNDLAND",
                "LocationCountryName":"CA"
              },
              "LocationType":"Single Location",
              "OrganizationPhone":{
                "TelephoneNumberFullID":"1234567890"
              }
            },
            "DNBDetailedCompanyInformation":{
              "SevereRisk":"No",
              "OutOfBusinessIndicator":false,
              "NAICCodes":{
                "NAIC1":"",
                "NAIC2":"",
                "NAIC3":"",
                "NAIC4":"",
                "NAIC5":"",
                "NAIC6":""
              },
              "TradeStyleCodes":""
            },
            "DNBCompanyExecutiveBio":{
              "Executive1":"",
              "Executive2":"",
              "Executive3":""
            },
            "DNBCompanyFinancialInformation":""
          },
          {
            "ScoreID":"1255042",
            "AdjudicativeStatus":"DENIED",
            "ReceiptNumber":"EAC1205650869",
            "PetitionInformation":{
              "ReceiptNumber":"EAC1205650869",
              "PetitionVisaType":"L1B",
              "PetitionType":"I129",
              "ReceiptDate":"2012-06-10-05:00",
              "RecordTimeStamp":"2018-04-27T10:14:46-05:00",
              "OrganizationDataSource":"Petition",
              "OrganizationName":"IBM INDIA PVT LTD",
              "Address":{
                "AddressID":"211504644",
                "StreetFullText":"40 CRAIG DOBBINS WAY",
                "StreetExtensionText":"N/A",
                "LocationCityName":"ST JOHNS",
                "LocationPostalCode":"A1A 4Y3",
                "LocationStateName":"NEWFOUNDLAND",
                "LocationCountryName":"CA"
              },
              "DolEtaCaseNumber":null,
              "Fein":"N/A"
            },
            "VIBEScoreResult":{
              "Score":"ORANGE",
              "ScoreRunTimeStamp":"2019-11-13T14:24:20-06:00",
              "Matched":"No"
            },
            "DNBMatchedBranchInformation":"",
            "DNBMatchedCompanyInformation":{
              "OrganizationName":"IBM INDIA PVT LTD",
              "Address":{
                "AddressID":"329421747",
                "StreetFullText":"40 CRAIG DOBBINS WAY",
                "StreetExtensionText":"ST JOHNS INT",
                "LocationCityName":"ST JOHNS",
                "LocationPostalCode":"A1A 4Y3",
                "LocationStateName":"NEWFOUNDLAND",
                "LocationCountryName":"CA"
              },
              "LocationType":"Single Location",
              "OrganizationPhone":{
                "TelephoneNumberFullID":"1234567890"
              }
            },
            "DNBDetailedCompanyInformation":{
              "SevereRisk":"No",
              "OutOfBusinessIndicator":false,
              "NAICCodes":{
                "NAIC1":"",
                "NAIC2":"",
                "NAIC3":"",
                "NAIC4":"",
                "NAIC5":"",
                "NAIC6":""
              },
              "TradeStyleCodes":""
            },
            "DNBCompanyExecutiveBio":{
              "Executive1":"",
              "Executive2":"",
              "Executive3":""
            },
            "DNBCompanyFinancialInformation":""
          },
          {
            "ScoreID":"1255030",
            "AdjudicativeStatus":"DENIED",
            "ReceiptNumber":"EAC1205650869",
            "PetitionInformation":{
              "ReceiptNumber":"EAC1205650869",
              "PetitionVisaType":"L1B",
              "PetitionType":"I129",
              "ReceiptDate":"2012-06-10-05:00",
              "RecordTimeStamp":"2018-04-27T10:14:46-05:00",
              "OrganizationDataSource":"Petition",
              "OrganizationName":"IBM INDIA PVT LTD",
              "Address":{
                "AddressID":"211504644",
                "StreetFullText":"40 CRAIG DOBBINS WAY",
                "StreetExtensionText":"N/A",
                "LocationCityName":"ST JOHNS",
                "LocationPostalCode":"A1A 4Y3",
                "LocationStateName":"NEWFOUNDLAND",
                "LocationCountryName":"CA"
              },
              "DolEtaCaseNumber":null,
              "Fein":"N/A"
            },
            "VIBEScoreResult":{
              "Score":"ORANGE",
              "ScoreRunTimeStamp":"2019-11-07T11:47:27-06:00",
              "Matched":"No"
            },
            "DNBMatchedBranchInformation":"",
            "DNBMatchedCompanyInformation":{
              "OrganizationName":"IBM INDIA PVT LTD",
              "Address":{
                "AddressID":"329421747",
                "StreetFullText":"40 CRAIG DOBBINS WAY",
                "StreetExtensionText":"ST JOHNS INT",
                "LocationCityName":"ST JOHNS",
                "LocationPostalCode":"A1A 4Y3",
                "LocationStateName":"NEWFOUNDLAND",
                "LocationCountryName":"CA"
              },
              "LocationType":"Single Location",
              "OrganizationPhone":{
                "TelephoneNumberFullID":"1234567890"
              }
            },
            "DNBDetailedCompanyInformation":{
              "SevereRisk":"No",
              "OutOfBusinessIndicator":false,
              "NAICCodes":{
                "NAIC1":"",
                "NAIC2":"",
                "NAIC3":"",
                "NAIC4":"",
                "NAIC5":"",
                "NAIC6":""
              },
              "TradeStyleCodes":""
            },
            "DNBCompanyExecutiveBio":{
              "Executive1":"",
              "Executive2":"",
              "Executive3":""
            },
            "DNBCompanyFinancialInformation":""
          },
          {
            "ScoreID":"1254963",
            "AdjudicativeStatus":"DENIED",
            "ReceiptNumber":"EAC1205650869",
            "PetitionInformation":{
              "ReceiptNumber":"EAC1205650869",
              "PetitionVisaType":"L1B",
              "PetitionType":"I129",
              "ReceiptDate":"2012-06-10-05:00",
              "RecordTimeStamp":"2018-04-27T10:14:46-05:00",
              "OrganizationDataSource":"Petition",
              "OrganizationName":"IBM INDIA PVT LTD",
              "Address":{
                "AddressID":"211504644",
                "StreetFullText":"40 CRAIG DOBBINS WAY",
                "StreetExtensionText":"N/A",
                "LocationCityName":"ST JOHNS",
                "LocationPostalCode":"A1A 4Y3",
                "LocationStateName":"NEWFOUNDLAND",
                "LocationCountryName":"CA"
              },
              "DolEtaCaseNumber":null,
              "Fein":"N/A"
            },
            "VIBEScoreResult":{
              "Score":"ORANGE",
              "ScoreRunTimeStamp":"2019-09-23T21:24:46-05:00",
              "Matched":"No"
            },
            "DNBMatchedBranchInformation":"",
            "DNBMatchedCompanyInformation":{
              "OrganizationName":"IBM INDIA PVT LTD",
              "Address":{
                "AddressID":"329421747",
                "StreetFullText":"40 CRAIG DOBBINS WAY",
                "StreetExtensionText":"ST JOHNS INT",
                "LocationCityName":"ST JOHNS",
                "LocationPostalCode":"A1A 4Y3",
                "LocationStateName":"NEWFOUNDLAND",
                "LocationCountryName":"CA"
              },
              "LocationType":"Single Location",
              "OrganizationPhone":{
                "TelephoneNumberFullID":"1234567890"
              }
            },
            "DNBDetailedCompanyInformation":{
              "SevereRisk":"No",
              "OutOfBusinessIndicator":false,
              "NAICCodes":{
                "NAIC1":"",
                "NAIC2":"",
                "NAIC3":"",
                "NAIC4":"",
                "NAIC5":"",
                "NAIC6":""
              },
              "TradeStyleCodes":""
            },
            "DNBCompanyExecutiveBio":{
              "Executive1":"",
              "Executive2":"",
              "Executive3":""
            },
            "DNBCompanyFinancialInformation":""
          },
          {
            "ScoreID":"1254949",
            "AdjudicativeStatus":"DENIED",
            "ReceiptNumber":"EAC1205650869",
            "PetitionInformation":{
              "ReceiptNumber":"EAC1205650869",
              "PetitionVisaType":"L1B",
              "PetitionType":"I129",
              "ReceiptDate":"2012-06-10-05:00",
              "RecordTimeStamp":"2018-04-27T10:14:46-05:00",
              "OrganizationDataSource":"Petition",
              "OrganizationName":"IBM INDIA PVT LTD",
              "Address":{
                "AddressID":"211504644",
                "StreetFullText":"40 CRAIG DOBBINS WAY",
                "StreetExtensionText":"N/A",
                "LocationCityName":"ST JOHNS",
                "LocationPostalCode":"A1A 4Y3",
                "LocationStateName":"NEWFOUNDLAND",
                "LocationCountryName":"CA"
              },
              "DolEtaCaseNumber":null,
              "Fein":"N/A"
            },
            "VIBEScoreResult":{
              "Score":"ORANGE",
              "ScoreRunTimeStamp":"2019-09-19T22:27:51-05:00",
              "Matched":"No"
            },
            "DNBMatchedBranchInformation":"",
            "DNBMatchedCompanyInformation":{
              "OrganizationName":"IBM INDIA PVT LTD",
              "Address":{
                "AddressID":"329421747",
                "StreetFullText":"40 CRAIG DOBBINS WAY",
                "StreetExtensionText":"ST JOHNS INT",
                "LocationCityName":"ST JOHNS",
                "LocationPostalCode":"A1A 4Y3",
                "LocationStateName":"NEWFOUNDLAND",
                "LocationCountryName":"CA"
              },
              "LocationType":"Single Location",
              "OrganizationPhone":{
                "TelephoneNumberFullID":"1234567890"
              }
            },
            "DNBDetailedCompanyInformation":{
              "SevereRisk":"No",
              "OutOfBusinessIndicator":false,
              "NAICCodes":{
                "NAIC1":"",
                "NAIC2":"",
                "NAIC3":"",
                "NAIC4":"",
                "NAIC5":"",
                "NAIC6":""
              },
              "TradeStyleCodes":""
            },
            "DNBCompanyExecutiveBio":{
              "Executive1":"",
              "Executive2":"",
              "Executive3":""
            },
            "DNBCompanyFinancialInformation":""
          },
          {
            "ScoreID":"1254930",
            "AdjudicativeStatus":"DENIED",
            "ReceiptNumber":"EAC1205650869",
            "PetitionInformation":{
              "ReceiptNumber":"EAC1205650869",
              "PetitionVisaType":"L1B",
              "PetitionType":"I129",
              "ReceiptDate":"2012-06-10-05:00",
              "RecordTimeStamp":"2018-04-27T10:14:46-05:00",
              "OrganizationDataSource":"Petition",
              "OrganizationName":"IBM INDIA PVT LTD",
              "Address":{
                "AddressID":"211504644",
                "StreetFullText":"40 CRAIG DOBBINS WAY",
                "StreetExtensionText":"N/A",
                "LocationCityName":"ST JOHNS",
                "LocationPostalCode":"A1A 4Y3",
                "LocationStateName":"NEWFOUNDLAND",
                "LocationCountryName":"CA"
              },
              "DolEtaCaseNumber":null,
              "Fein":"N/A"
            },
            "VIBEScoreResult":{
              "Score":"ORANGE",
              "ScoreRunTimeStamp":"2019-09-17T22:27:50-05:00",
              "Matched":"No"
            },
            "VibePreDefinedCompanyScore":{
              "ExceptionID":"4361",
              "OverrideScore":"N/A",
              "OverrideScoreSource":"akumar",
              "ScoreValidUntil":"2019-09-18T00:00:00-05:00",
              "OrganizationRelationship":"LEAD 6546546",
              "Comment":"more comments added here "
            },
            "DNBMatchedBranchInformation":"",
            "DNBMatchedCompanyInformation":{
              "OrganizationName":"IBM INDIA PVT LTD",
              "Address":{
                "AddressID":"329421747",
                "StreetFullText":"40 CRAIG DOBBINS WAY",
                "StreetExtensionText":"ST JOHNS INT",
                "LocationCityName":"ST JOHNS",
                "LocationPostalCode":"A1A 4Y3",
                "LocationStateName":"NEWFOUNDLAND",
                "LocationCountryName":"CA"
              },
              "LocationType":"Single Location",
              "OrganizationPhone":{
                "TelephoneNumberFullID":"1234567890"
              }
            },
            "DNBDetailedCompanyInformation":{
              "SevereRisk":"No",
              "OutOfBusinessIndicator":false,
              "NAICCodes":{
                "NAIC1":"",
                "NAIC2":"",
                "NAIC3":"",
                "NAIC4":"",
                "NAIC5":"",
                "NAIC6":""
              },
              "TradeStyleCodes":""
            },
            "DNBCompanyExecutiveBio":{
              "Executive1":"",
              "Executive2":"",
              "Executive3":""
            },
            "DNBCompanyFinancialInformation":""
          },
          {
            "ScoreID":"183932",
            "AdjudicativeStatus":"DENIED",
            "ReceiptNumber":"EAC1205650869",
            "PetitionInformation":{
              "ReceiptNumber":"EAC1205650869",
              "PetitionVisaType":"L1B",
              "PetitionType":"I129",
              "ReceiptDate":"2012-06-10-05:00",
              "RecordTimeStamp":"2018-04-27T10:14:46-05:00",
              "OrganizationDataSource":"Petition",
              "OrganizationName":"IBM INDIA PVT LTD",
              "Address":{
                "AddressID":"211504644",
                "StreetFullText":"40 CRAIG DOBBINS WAY",
                "StreetExtensionText":"N/A",
                "LocationCityName":"ST JOHNS",
                "LocationPostalCode":"A1A 4Y3",
                "LocationStateName":"NEWFOUNDLAND",
                "LocationCountryName":"CA"
              },
              "DolEtaCaseNumber":null,
              "Fein":"N/A"
            },
            "VIBEScoreResult":{
              "Score":"ORANGE",
              "ScoreRunTimeStamp":"2018-08-24T03:27:08-05:00",
              "Matched":"No",
              "ConfidenceFactor":"4"
            },
            "DNBMatchedBranchInformation":{
              "AgnID":"123",
              "Address":{
                "AddressID":"329485277",
                "OrganizationName":"IBM Canada Limited",
                "TelephoneNumberFullID":"8004264968",
                "StreetFullText":"136 Crosbie Rd",
                "StreetExtensionText":null,
                "LocationCityName":"ST. JOHN'S",
                "LocationPostalCode":"A1B 3K3",
                "LocationStateName":null,
                "LocationCountryName":"CANADA"
              },
              "OrganizationDUNSNumber":"259447824"
            },
            "DNBMatchedCompanyInformation":{
              "OrganizationName":"IBM Canada Limited",
              "Address":{
                "AddressID":"329485275",
                "StreetFullText":"3600 Steeles Ave E",
                "StreetExtensionText":null,
                "LocationCityName":"MARKHAM",
                "LocationPostalCode":"L3R 9Z7",
                "LocationStateName":"ON",
                "LocationCountryName":"CANADA"
              },
              "LocationType":"HQ Location",
              "OrganizationPhone":{
                "TelephoneNumberFullID":"0001-(905) 316-3600"
              },
              "OrganizationDUNSNumber":"200443976",
              "GlobalUltimateDUNSNumber":"001368083",
              "GlobalUltimateCompanyName":"INTERNATIONAL BUSINESS MACHINES CORPORATION",
              "RelationshipToGlobal":"Is a subsidiary site",
              "ForeignRelationshipIndicator":"Yes"
            },
            "DNBDetailedCompanyInformation":{
              "CEOName":"Dino Tevisani",
              "LegalStatusCode":"corporation",
              "ImportExport":"Import/Export",
              "NumberOfRelatedEntities":1352,
              "NumberOfEmployeesInUSA":"4000 (Estimated Figure)",
              "NumberOfEmployeesWorldWide":"4000 (Estimated Figure)",
              "SevereRisk":"No",
              "OutOfBusinessIndicator":false,
              "NAICCodes":{
                "NAIC1":"334111-Electronic Computer Manufacturing",
                "NAIC2":"333318-Other Commercial and Service Industry Machinery Manufacturing",
                "NAIC3":"511210-Software Publishers",
                "NAIC4":"",
                "NAIC5":"",
                "NAIC6":""
              },
              "TradeStyleCodes":{
                "TradeStyle1":"IBM Global Services",
                "TradeStyle2":"IBM Software Group",
                "TradeStyle3":"IBM Microelectronics, Div of",
                "TradeStyle4":"IBM Home Computing Stores",
                "TradeStyle5":"IBM Research Division"
              }
            },
            "DNBCompanyExecutiveBio":{
              "Executive1":"",
              "Executive2":"",
              "Executive3":""
            },
            "DNBCompanyFinancialInformation":{
              "GrossAnualIncome":"972785013 | (Modeled)"
            }
          },
          {
            "ScoreID":"183594",
            "AdjudicativeStatus":"DENIED",
            "ReceiptNumber":"EAC1205650869",
            "PetitionInformation":{
              "ReceiptNumber":"EAC1205650869",
              "PetitionVisaType":"L1B",
              "PetitionType":"I129",
              "ReceiptDate":"2012-06-10-05:00",
              "RecordTimeStamp":"2018-04-27T10:14:46-05:00",
              "OrganizationDataSource":"Petition",
              "OrganizationName":"IBM INDIA PVT LTD",
              "Address":{
                "AddressID":"211504644",
                "StreetFullText":"40 CRAIG DOBBINS WAY",
                "StreetExtensionText":"N/A",
                "LocationCityName":"ST JOHNS",
                "LocationPostalCode":"A1A 4Y3",
                "LocationStateName":"NEWFOUNDLAND",
                "LocationCountryName":"CA"
              },
              "DolEtaCaseNumber":null,
              "Fein":"N/A"
            },
            "VIBEScoreResult":{
              "Score":"ORANGE",
              "ScoreRunTimeStamp":"2018-08-24T03:26:27-05:00",
              "Matched":"No",
              "ConfidenceFactor":"4"
            },
            "DNBMatchedBranchInformation":{
              "AgnID":"123",
              "Address":{
                "AddressID":"329485277",
                "OrganizationName":"IBM Canada Limited",
                "TelephoneNumberFullID":"8004264968",
                "StreetFullText":"136 Crosbie Rd",
                "StreetExtensionText":null,
                "LocationCityName":"ST. JOHN'S",
                "LocationPostalCode":"A1B 3K3",
                "LocationStateName":null,
                "LocationCountryName":"CANADA"
              },
              "OrganizationDUNSNumber":"259447824"
            },
            "DNBMatchedCompanyInformation":{
              "OrganizationName":"IBM Canada Limited",
              "Address":{
                "AddressID":"329485275",
                "StreetFullText":"3600 Steeles Ave E",
                "StreetExtensionText":null,
                "LocationCityName":"MARKHAM",
                "LocationPostalCode":"L3R 9Z7",
                "LocationStateName":"ON",
                "LocationCountryName":"CANADA"
              },
              "LocationType":"HQ Location",
              "OrganizationPhone":{
                "TelephoneNumberFullID":"0001-(905) 316-3600"
              },
              "OrganizationDUNSNumber":"200443976",
              "GlobalUltimateDUNSNumber":"001368083",
              "GlobalUltimateCompanyName":"INTERNATIONAL BUSINESS MACHINES CORPORATION",
              "RelationshipToGlobal":"Is a subsidiary site",
              "ForeignRelationshipIndicator":"Yes"
            },
            "DNBDetailedCompanyInformation":{
              "CEOName":"Dino Tevisani",
              "LegalStatusCode":"corporation",
              "ImportExport":"Import/Export",
              "NumberOfRelatedEntities":1352,
              "NumberOfEmployeesInUSA":"4000 (Estimated Figure)",
              "NumberOfEmployeesWorldWide":"4000 (Estimated Figure)",
              "SevereRisk":"No",
              "OutOfBusinessIndicator":false,
              "NAICCodes":{
                "NAIC1":"334111-Electronic Computer Manufacturing",
                "NAIC2":"333318-Other Commercial and Service Industry Machinery Manufacturing",
                "NAIC3":"511210-Software Publishers",
                "NAIC4":"",
                "NAIC5":"",
                "NAIC6":""
              },
              "TradeStyleCodes":{
                "TradeStyle1":"IBM Global Services",
                "TradeStyle2":"IBM Software Group",
                "TradeStyle3":"IBM Microelectronics, Div of",
                "TradeStyle4":"IBM Home Computing Stores",
                "TradeStyle5":"IBM Research Division"
              }
            },
            "DNBCompanyExecutiveBio":{
              "Executive1":"",
              "Executive2":"",
              "Executive3":""
            },
            "DNBCompanyFinancialInformation":{
              "GrossAnualIncome":"972785013 | (Modeled)"
            }
          },
          {
            "ScoreID":"176742",
            "AdjudicativeStatus":"DENIED",
            "ReceiptNumber":"EAC1205650869",
            "PetitionInformation":{
              "ReceiptNumber":"EAC1205650869",
              "PetitionVisaType":"L1B",
              "PetitionType":"I129",
              "ReceiptDate":"2012-06-10-05:00",
              "RecordTimeStamp":"2018-04-27T10:14:46-05:00",
              "OrganizationDataSource":"Petition",
              "OrganizationName":"IBM INDIA PVT LTD",
              "Address":{
                "AddressID":"211504644",
                "StreetFullText":"40 CRAIG DOBBINS WAY",
                "StreetExtensionText":"N/A",
                "LocationCityName":"ST JOHNS",
                "LocationPostalCode":"A1A 4Y3",
                "LocationStateName":"NEWFOUNDLAND",
                "LocationCountryName":"CA"
              },
              "DolEtaCaseNumber":null,
              "Fein":"N/A"
            },
            "VIBEScoreResult":{
              "Score":"ORANGE",
              "ScoreRunTimeStamp":"2018-08-24T03:13:20-05:00",
              "Matched":"No",
              "ConfidenceFactor":"4"
            },
            "DNBMatchedBranchInformation":{
              "AgnID":"123",
              "Address":{
                "AddressID":"329485277",
                "OrganizationName":"IBM Canada Limited",
                "TelephoneNumberFullID":"8004264968",
                "StreetFullText":"136 Crosbie Rd",
                "StreetExtensionText":null,
                "LocationCityName":"ST. JOHN'S",
                "LocationPostalCode":"A1B 3K3",
                "LocationStateName":null,
                "LocationCountryName":"CANADA"
              },
              "OrganizationDUNSNumber":"259447824"
            },
            "DNBMatchedCompanyInformation":{
              "OrganizationName":"IBM Canada Limited",
              "Address":{
                "AddressID":"329485275",
                "StreetFullText":"3600 Steeles Ave E",
                "StreetExtensionText":null,
                "LocationCityName":"MARKHAM",
                "LocationPostalCode":"L3R 9Z7",
                "LocationStateName":"ON",
                "LocationCountryName":"CANADA"
              },
              "LocationType":"HQ Location",
              "OrganizationPhone":{
                "TelephoneNumberFullID":"0001-(905) 316-3600"
              },
              "OrganizationDUNSNumber":"200443976",
              "GlobalUltimateDUNSNumber":"001368083",
              "GlobalUltimateCompanyName":"INTERNATIONAL BUSINESS MACHINES CORPORATION",
              "RelationshipToGlobal":"Is a subsidiary site",
              "ForeignRelationshipIndicator":"Yes"
            },
            "DNBDetailedCompanyInformation":{
              "CEOName":"Dino Tevisani",
              "LegalStatusCode":"corporation",
              "ImportExport":"Import/Export",
              "NumberOfRelatedEntities":1352,
              "NumberOfEmployeesInUSA":"4000 (Estimated Figure)",
              "NumberOfEmployeesWorldWide":"4000 (Estimated Figure)",
              "SevereRisk":"No",
              "OutOfBusinessIndicator":false,
              "NAICCodes":{
                "NAIC1":"334111-Electronic Computer Manufacturing",
                "NAIC2":"333318-Other Commercial and Service Industry Machinery Manufacturing",
                "NAIC3":"511210-Software Publishers",
                "NAIC4":"",
                "NAIC5":"",
                "NAIC6":""
              },
              "TradeStyleCodes":{
                "TradeStyle1":"IBM Global Services",
                "TradeStyle2":"IBM Software Group",
                "TradeStyle3":"IBM Microelectronics, Div of",
                "TradeStyle4":"IBM Home Computing Stores",
                "TradeStyle5":"IBM Research Division"
              }
            },
            "DNBCompanyExecutiveBio":{
              "Executive1":"",
              "Executive2":"",
              "Executive3":""
            },
            "DNBCompanyFinancialInformation":{
              "GrossAnualIncome":"972785013 | (Modeled)"
            }
          },
          {
            "ScoreID":"176415",
            "AdjudicativeStatus":"DENIED",
            "ReceiptNumber":"EAC1205650869",
            "PetitionInformation":{
              "ReceiptNumber":"EAC1205650869",
              "PetitionVisaType":"L1B",
              "PetitionType":"I129",
              "ReceiptDate":"2012-06-10-05:00",
              "RecordTimeStamp":"2018-04-27T10:14:46-05:00",
              "OrganizationDataSource":"Petition",
              "OrganizationName":"IBM INDIA PVT LTD",
              "Address":{
                "AddressID":"211504644",
                "StreetFullText":"40 CRAIG DOBBINS WAY",
                "StreetExtensionText":"N/A",
                "LocationCityName":"ST JOHNS",
                "LocationPostalCode":"A1A 4Y3",
                "LocationStateName":"NEWFOUNDLAND",
                "LocationCountryName":"CA"
              },
              "DolEtaCaseNumber":null,
              "Fein":"N/A"
            },
            "VIBEScoreResult":{
              "Score":"ORANGE",
              "ScoreRunTimeStamp":"2018-08-24T03:12:40-05:00",
              "Matched":"No",
              "ConfidenceFactor":"4"
            },
            "DNBMatchedBranchInformation":{
              "AgnID":"123",
              "Address":{
                "AddressID":"329485277",
                "OrganizationName":"IBM Canada Limited",
                "TelephoneNumberFullID":"8004264968",
                "StreetFullText":"136 Crosbie Rd",
                "StreetExtensionText":null,
                "LocationCityName":"ST. JOHN'S",
                "LocationPostalCode":"A1B 3K3",
                "LocationStateName":null,
                "LocationCountryName":"CANADA"
              },
              "OrganizationDUNSNumber":"259447824"
            },
            "DNBMatchedCompanyInformation":{
              "OrganizationName":"IBM Canada Limited",
              "Address":{
                "AddressID":"329485275",
                "StreetFullText":"3600 Steeles Ave E",
                "StreetExtensionText":null,
                "LocationCityName":"MARKHAM",
                "LocationPostalCode":"L3R 9Z7",
                "LocationStateName":"ON",
                "LocationCountryName":"CANADA"
              },
              "LocationType":"HQ Location",
              "OrganizationPhone":{
                "TelephoneNumberFullID":"0001-(905) 316-3600"
              },
              "OrganizationDUNSNumber":"200443976",
              "GlobalUltimateDUNSNumber":"001368083",
              "GlobalUltimateCompanyName":"INTERNATIONAL BUSINESS MACHINES CORPORATION",
              "RelationshipToGlobal":"Is a subsidiary site",
              "ForeignRelationshipIndicator":"Yes"
            },
            "DNBDetailedCompanyInformation":{
              "CEOName":"Dino Tevisani",
              "LegalStatusCode":"corporation",
              "ImportExport":"Import/Export",
              "NumberOfRelatedEntities":1352,
              "NumberOfEmployeesInUSA":"4000 (Estimated Figure)",
              "NumberOfEmployeesWorldWide":"4000 (Estimated Figure)",
              "SevereRisk":"No",
              "OutOfBusinessIndicator":false,
              "NAICCodes":{
                "NAIC1":"334111-Electronic Computer Manufacturing",
                "NAIC2":"333318-Other Commercial and Service Industry Machinery Manufacturing",
                "NAIC3":"511210-Software Publishers",
                "NAIC4":"",
                "NAIC5":"",
                "NAIC6":""
              },
              "TradeStyleCodes":{
                "TradeStyle1":"IBM Global Services",
                "TradeStyle2":"IBM Software Group",
                "TradeStyle3":"IBM Microelectronics, Div of",
                "TradeStyle4":"IBM Home Computing Stores",
                "TradeStyle5":"IBM Research Division"
              }
            },
            "DNBCompanyExecutiveBio":{
              "Executive1":"",
              "Executive2":"",
              "Executive3":""
            },
            "DNBCompanyFinancialInformation":{
              "GrossAnualIncome":"972785013 | (Modeled)"
            }
          },
          {
            "ScoreID":"169282",
            "AdjudicativeStatus":"DENIED",
            "ReceiptNumber":"EAC1205650869",
            "PetitionInformation":{
              "ReceiptNumber":"EAC1205650869",
              "PetitionVisaType":"L1B",
              "PetitionType":"I129",
              "ReceiptDate":"2012-06-10-05:00",
              "RecordTimeStamp":"2018-04-27T10:14:46-05:00",
              "OrganizationDataSource":"Petition",
              "OrganizationName":"IBM INDIA PVT LTD",
              "Address":{
                "AddressID":"211504644",
                "StreetFullText":"40 CRAIG DOBBINS WAY",
                "StreetExtensionText":"N/A",
                "LocationCityName":"ST JOHNS",
                "LocationPostalCode":"A1A 4Y3",
                "LocationStateName":"NEWFOUNDLAND",
                "LocationCountryName":"CA"
              },
              "DolEtaCaseNumber":null,
              "Fein":"N/A"
            },
            "VIBEScoreResult":{
              "Score":"ORANGE",
              "ScoreRunTimeStamp":"2018-08-24T02:58:34-05:00",
              "Matched":"No",
              "ConfidenceFactor":"4"
            },
            "DNBMatchedBranchInformation":{
              "AgnID":"123",
              "Address":{
                "AddressID":"329485277",
                "OrganizationName":"IBM Canada Limited",
                "TelephoneNumberFullID":"8004264968",
                "StreetFullText":"136 Crosbie Rd",
                "StreetExtensionText":null,
                "LocationCityName":"ST. JOHN'S",
                "LocationPostalCode":"A1B 3K3",
                "LocationStateName":null,
                "LocationCountryName":"CANADA"
              },
              "OrganizationDUNSNumber":"259447824"
            },
            "DNBMatchedCompanyInformation":{
              "OrganizationName":"IBM Canada Limited",
              "Address":{
                "AddressID":"329485275",
                "StreetFullText":"3600 Steeles Ave E",
                "StreetExtensionText":null,
                "LocationCityName":"MARKHAM",
                "LocationPostalCode":"L3R 9Z7",
                "LocationStateName":"ON",
                "LocationCountryName":"CANADA"
              },
              "LocationType":"HQ Location",
              "OrganizationPhone":{
                "TelephoneNumberFullID":"0001-(905) 316-3600"
              },
              "OrganizationDUNSNumber":"200443976",
              "GlobalUltimateDUNSNumber":"001368083",
              "GlobalUltimateCompanyName":"INTERNATIONAL BUSINESS MACHINES CORPORATION",
              "RelationshipToGlobal":"Is a subsidiary site",
              "ForeignRelationshipIndicator":"Yes"
            },
            "DNBDetailedCompanyInformation":{
              "CEOName":"Dino Tevisani",
              "LegalStatusCode":"corporation",
              "ImportExport":"Import/Export",
              "NumberOfRelatedEntities":1352,
              "NumberOfEmployeesInUSA":"4000 (Estimated Figure)",
              "NumberOfEmployeesWorldWide":"4000 (Estimated Figure)",
              "SevereRisk":"No",
              "OutOfBusinessIndicator":false,
              "NAICCodes":{
                "NAIC1":"334111-Electronic Computer Manufacturing",
                "NAIC2":"333318-Other Commercial and Service Industry Machinery Manufacturing",
                "NAIC3":"511210-Software Publishers",
                "NAIC4":"",
                "NAIC5":"",
                "NAIC6":""
              },
              "TradeStyleCodes":{
                "TradeStyle1":"IBM Global Services",
                "TradeStyle2":"IBM Software Group",
                "TradeStyle3":"IBM Microelectronics, Div of",
                "TradeStyle4":"IBM Home Computing Stores",
                "TradeStyle5":"IBM Research Division"
              }
            },
            "DNBCompanyExecutiveBio":{
              "Executive1":"",
              "Executive2":"",
              "Executive3":""
            },
            "DNBCompanyFinancialInformation":{
              "GrossAnualIncome":"972785013 | (Modeled)"
            }
          },
          {
            "ScoreID":"168008",
            "AdjudicativeStatus":"DENIED",
            "ReceiptNumber":"EAC1205650869",
            "PetitionInformation":{
              "ReceiptNumber":"EAC1205650869",
              "PetitionVisaType":"L1B",
              "PetitionType":"I129",
              "ReceiptDate":"2012-06-10-05:00",
              "RecordTimeStamp":"2018-04-27T10:14:46-05:00",
              "OrganizationDataSource":"Petition",
              "OrganizationName":"IBM INDIA PVT LTD",
              "Address":{
                "AddressID":"211504644",
                "StreetFullText":"40 CRAIG DOBBINS WAY",
                "StreetExtensionText":"N/A",
                "LocationCityName":"ST JOHNS",
                "LocationPostalCode":"A1A 4Y3",
                "LocationStateName":"NEWFOUNDLAND",
                "LocationCountryName":"CA"
              },
              "DolEtaCaseNumber":null,
              "Fein":"N/A"
            },
            "VIBEScoreResult":{
              "Score":"ORANGE",
              "ScoreRunTimeStamp":"2018-08-24T02:56:16-05:00",
              "Matched":"No",
              "ConfidenceFactor":"4"
            },
            "DNBMatchedBranchInformation":{
              "AgnID":"123",
              "Address":{
                "AddressID":"329485277",
                "OrganizationName":"IBM Canada Limited",
                "TelephoneNumberFullID":"8004264968",
                "StreetFullText":"136 Crosbie Rd",
                "StreetExtensionText":null,
                "LocationCityName":"ST. JOHN'S",
                "LocationPostalCode":"A1B 3K3",
                "LocationStateName":null,
                "LocationCountryName":"CANADA"
              },
              "OrganizationDUNSNumber":"259447824"
            },
            "DNBMatchedCompanyInformation":{
              "OrganizationName":"IBM Canada Limited",
              "Address":{
                "AddressID":"329485275",
                "StreetFullText":"3600 Steeles Ave E",
                "StreetExtensionText":null,
                "LocationCityName":"MARKHAM",
                "LocationPostalCode":"L3R 9Z7",
                "LocationStateName":"ON",
                "LocationCountryName":"CANADA"
              },
              "LocationType":"HQ Location",
              "OrganizationPhone":{
                "TelephoneNumberFullID":"0001-(905) 316-3600"
              },
              "OrganizationDUNSNumber":"200443976",
              "GlobalUltimateDUNSNumber":"001368083",
              "GlobalUltimateCompanyName":"INTERNATIONAL BUSINESS MACHINES CORPORATION",
              "RelationshipToGlobal":"Is a subsidiary site",
              "ForeignRelationshipIndicator":"Yes"
            },
            "DNBDetailedCompanyInformation":{
              "CEOName":"Dino Tevisani",
              "LegalStatusCode":"corporation",
              "ImportExport":"Import/Export",
              "NumberOfRelatedEntities":1352,
              "NumberOfEmployeesInUSA":"4000 (Estimated Figure)",
              "NumberOfEmployeesWorldWide":"4000 (Estimated Figure)",
              "SevereRisk":"No",
              "OutOfBusinessIndicator":false,
              "NAICCodes":{
                "NAIC1":"334111-Electronic Computer Manufacturing",
                "NAIC2":"333318-Other Commercial and Service Industry Machinery Manufacturing",
                "NAIC3":"511210-Software Publishers",
                "NAIC4":"",
                "NAIC5":"",
                "NAIC6":""
              },
              "TradeStyleCodes":{
                "TradeStyle1":"IBM Global Services",
                "TradeStyle2":"IBM Software Group",
                "TradeStyle3":"IBM Microelectronics, Div of",
                "TradeStyle4":"IBM Home Computing Stores",
                "TradeStyle5":"IBM Research Division"
              }
            },
            "DNBCompanyExecutiveBio":{
              "Executive1":"",
              "Executive2":"",
              "Executive3":""
            },
            "DNBCompanyFinancialInformation":{
              "GrossAnualIncome":"972785013 | (Modeled)"
            }
          },
          {
            "ScoreID":"80677",
            "AdjudicativeStatus":"DENIED",
            "ReceiptNumber":"EAC1205650869",
            "PetitionInformation":{
              "ReceiptNumber":"EAC1205650869",
              "PetitionVisaType":"L1B",
              "PetitionType":"I129",
              "ReceiptDate":"2012-06-10-05:00",
              "RecordTimeStamp":"2018-04-27T10:14:46-05:00",
              "OrganizationDataSource":"Petition",
              "OrganizationName":"IBM INDIA PVT LTD",
              "Address":{
                "AddressID":"211504644",
                "StreetFullText":"40 CRAIG DOBBINS WAY",
                "StreetExtensionText":"N/A",
                "LocationCityName":"ST JOHNS",
                "LocationPostalCode":"A1A 4Y3",
                "LocationStateName":"NEWFOUNDLAND",
                "LocationCountryName":"CA"
              },
              "DolEtaCaseNumber":null,
              "Fein":"N/A"
            },
            "VIBEScoreResult":{
              "Score":"ORANGE",
              "ScoreRunTimeStamp":"2012-06-07T17:53:36-05:00",
              "Matched":"No",
              "ConfidenceFactor":"5"
            },
            "DNBMatchedBranchInformation":"",
            "DNBMatchedCompanyInformation":{
              "OrganizationName":"International Business Machines Corporation",
              "Address":{
                "AddressID":"329405082",
                "StreetFullText":"New Orchard Rd",
                "StreetExtensionText":null,
                "LocationCityName":"Armonk",
                "LocationPostalCode":"10504",
                "LocationStateName":"NY",
                "LocationCountryName":"US"
              },
              "LocationType":"HQ Location",
              "OrganizationPhone":{
                "TelephoneNumberFullID":"0001-(914) 499-1900"
              },
              "OrganizationDUNSNumber":"001368083",
              "GlobalUltimateDUNSNumber":"001368083",
              "GlobalUltimateCompanyName":"International Business Machines Corporation",
              "RelationshipToGlobal":"Not a subsidiary site",
              "ForeignRelationshipIndicator":"Yes",
              "OwnershipStatus":"Owns Space"
            },
            "DNBDetailedCompanyInformation":{
              "CEOName":"Virginia M Rometty",
              "LegalStatusCode":"corporation",
              "ImportExport":"Import/Export",
              "NumberOfRelatedEntities":2371,
              "NumberOfCorroboratingSources":3,
              "TotalTradePayments":874.0,
              "NumberOfEmployeesInUSA":"850 (Actual figure)",
              "NumberOfEmployeesWorldWide":"850 (Actual figure)",
              "YearEstablished":1911,
              "ManagementControlYear":1911,
              "SevereRisk":"No",
              "HistoryType":"Clear History",
              "OutOfBusinessIndicator":false,
              "NAICCodes":{
                "NAIC1":"",
                "NAIC2":"",
                "NAIC3":"",
                "NAIC4":"",
                "NAIC5":"",
                "NAIC6":""
              },
              "TradeStyleCodes":{
                "TradeStyle1":"IBM"
              }
            },
            "DNBCompanyExecutiveBio":{
              "Executive1":"Virginia M Rometty, President",
              "Executive2":"Kevin Reardon, Owner",
              "Executive3":"Samuel J Palmisano, Chairman of the Board"
            },
            "DNBCompanyFinancialInformation":{
              "GrossAnualIncome":"106916000000 | (Actual Value)",
              "FinancialStressScore":2
            }
          }
        ]
      }
    }
  }