{
    "PredefinedInformationGetDetailResponse":{
      "responseStatusMessage":{
        "statusCode":"ESB-VIBE.STATUS.002",
        "status":"Operation Sucessful"
      },
      "duns":"795436687",
      "agn":"",
      "organizationName":"Ablerex Corp",
      "address":{
        "addressId":"329410555",
        "city":"",
        "country":"",
        "postalCode":"",
        "state":"",
        "streetExtension":"",
        "streetFull":""
      },
      "validUntilDateRange":{
        "startDate":"2012-04-28",
        "endDate":"2014-04-19T00:01:05-05:00"
      },
      "fdnsdsNumber":"N/A",
      "predefinedInformationComment":"2012-04-19: \"ABLEREX CORPORATION\" established a qualifying relationship as Subsidiary of \"Ablerex Electronics Co., Ltd\" in New Taipei City, Taiwan based on the following evidence in WAC1211250522: Articles of Incorporation shows that \"ABLEREX CORPORATION\" was established on 9/26/2006. 2011 Tax Form 1120, Schedule G, shows that \"Ablerex Electronics Co., Ltd\" owns 100% of the voting stock of \"ABLEREX CORPORATION\". 2011 Tax Form 5472 shows that \"Ablerex Electronics Co., Ltd\" is a foreign shareholder.",
      "addedBy":"ALAN.SHEPARD@TEST.USCIS.DHS.GOV",
      "processStatus":"E",
      "dateAdded":"2012-04-28",
      "approvalDate":"2014-04-20T00:01:05-05:00",
      "approvedBy":"CSC ADJ",
      "preDefCommentType":"",
      "preDefFormCommentType":"",
      "overrideScore":"N/A",
      "justificationComment":""
    }
  }