{
    "FrequentUpdaterListGetResponse":{
      "SourceSystemID":"VIBEServices-1",
      "SourceTransactionID":"cea2ae5d-0d1a-41b5-aac7-d66d572f391a",
      "ServiceRequestTimestamp":"2020-02-03T13:44:05.979-06:00",
      "ServiceResponseTimestamp":"2020-02-03T13:44:06.01-06:00",
      "AuditCorrelationID":"cea2ae5d-0d1a-41b5-aac7-d66d572f391a",
      "FrequentUserResultSet":{
        "FrequentUserRecord":[
          {
            "CisUser":"ADaniels",
            "PivUpn":"arthur.daniels@test.uscis.dhs.gov"
          },
          {
            "CisUser":"akumar",
            "PivUpn":"0687163140@USCIS.DHS.GOV"
          },
          {
            "CisUser":"AKUMAR-BA",
            "PivUpn":"Anand.Kumar@uscis.dhs.gov"
          },
          {
            "CisUser":"clmims",
            "PivUpn":"0367931081@uscis.dhs.gov"
          },
          {
            "CisUser":"ddiggler",
            "PivUpn":"dirk.diggler@test.uscis.dhs.gov"
          },
          {
            "CisUser":"derobey",
            "PivUpn":"0592604922@uscis.dhs.gov"
          },
          {
            "CisUser":"EMitchell",
            "PivUpn":"edgar.mitchell@test.uscis.dhs.gov"
          },
          {
            "CisUser":"EMitchell",
            "PivUpn":"Edgar.Mitchell@test.uscis.dhs.gov"
          },
          {
            "CisUser":"ewhite",
            "PivUpn":"Edward.White@test.uscis.dhs.gov"
          },
          {
            "CisUser":"FBorman",
            "PivUpn":"frank.borman@test.uscis.dhs.gov"
          },
          {
            "CisUser":"GGrissom",
            "PivUpn":"GUS.GRISSOM@TEST.USCIS.DHS.GOV"
          },
          {
            "CisUser":"GGrissom",
            "PivUpn":"gus.grissom@test.uscis.dhs.gov"
          },
          {
            "CisUser":"HQSCOPS",
            "PivUpn":"VIBE-SCOPS@uscis.dhs.gov"
          },
          {
            "CisUser":"ksayal",
            "PivUpn":"0965922261@uscis.dhs.gov"
          },
          {
            "CisUser":"lljones1",
            "PivUpn":"0025548642@uscis.dhs.gov"
          },
          {
            "CisUser":"memirog-usr",
            "PivUpn":"memirog-usr@cis1test.cisrtest.uscis.dhs.gov"
          },
          {
            "CisUser":"mgutier1",
            "PivUpn":"0601501026@uscis.dhs.gov"
          },
          {
            "CisUser":"ngwhitti",
            "PivUpn":"0365342449@uscis.dhs.gov"
          },
          {
            "CisUser":"Perf_User1608",
            "PivUpn":"perf_user1608@cis1.cisr.uscis.dhs.gov"
          },
          {
            "CisUser":"TICAM234",
            "PivUpn":"9117151747@uscis.dhs.gov"
          },
          {
            "CisUser":"ttezzati",
            "PivUpn":"0894692427@uscis.dhs.gov"
          }
        ]
      }
    }
  }