{
    "VsrGetResponse":{
      "SourceSystemID":"VIBEService",
      "SourceTransactionID":"960f7f45-388d-495d-a728-3e44554ec048",
      "ServiceRequestTimestamp":"2020-02-03T14:20:04.721-06:00",
      "ServiceResponseTimestamp":"2020-02-03T14:20:08.631-06:00",
      "AuditCorrelationID":"960f7f45-388d-495d-a728-3e44554ec048",
      "VsrResultSet":{
        "lastRecordIndex":1,
        "recordCountInThisResultSet":1,
        "totalRecordCount":1,
        "VsrRecord":[
          {
            "ScoreID":"1255127",
            "AdjudicativeStatus":"UNKNOWN",
            "ReceiptNumber":"LIN1720850050",
            "PetitionInformation":{
              "ReceiptNumber":"LIN1720850050",
              "PetitionVisaType":"H2A",
              "PetitionType":"I129",
              "ReceiptDate":"2012-10-01-05:00",
              "RecordTimeStamp":"2019-05-16T16:31:10-05:00",
              "OrganizationDataSource":"Petition",
              "OrganizationName":"x",
              "Address":{
                "AddressID":"329499529",
                "StreetFullText":"PO BOX 5128",
                "StreetExtensionText":"No",
                "LocationCityName":"Alhambra",
                "LocationPostalCode":"91801",
                "LocationStateName":"CA",
                "LocationCountryName":null
              },
              "DolEtaCaseNumber":"NA",
              "Fein":"N/A"
            },
            "VIBEScoreResult":{
              "Score":"ORANGE",
              "ScoreRunTimeStamp":"2020-02-03T14:19:25-06:00",
              "Matched":"Yes",
              "ConfidenceFactor":"8"
            },
            "DNBMatchedBranchInformation":"",
            "DNBMatchedCompanyInformation":{
              "OrganizationName":"In'x Corp",
              "Address":{
                "AddressID":"329499530",
                "StreetFullText":"812 S Date Ave Ste D",
                "StreetExtensionText":null,
                "LocationCityName":"Alhambra",
                "LocationPostalCode":"91803-1428",
                "LocationStateName":"CA",
                "LocationCountryName":"USA"
              },
              "LocationType":"Single Location",
              "OrganizationPhone":{
                "TelephoneNumberFullID":"1-(626) 289-9960"
              },
              "OrganizationDUNSNumber":"071346717",
              "RelationshipToGlobal":"Not a subsidiary site",
              "ForeignRelationshipIndicator":"No"
            },
            "DNBDetailedCompanyInformation":{
              "CEOName":"Keang Liew",
              "ImportExport":"Not available or None",
              "NumberOfRelatedEntities":0,
              "NumberOfCorroboratingSources":0,
              "TotalTradePayments":0.0,
              "YearEstablished":0,
              "ManagementControlYear":1998,
              "SevereRisk":"No",
              "OutOfBusinessIndicator":true,
              "NAICCodes":{
                "NAIC1":"451120-Hobby, Toy, and Game Stores",
                "NAIC2":"",
                "NAIC3":"",
                "NAIC4":"",
                "NAIC5":"",
                "NAIC6":""
              },
              "TradeStyleCodes":{
                "TradeStyle1":"Toy Maniacs"
              },
              "NonProfitIndicator":"No"
            },
            "DNBCompanyExecutiveBio":{
              "Executive1":"",
              "Executive2":"",
              "Executive3":""
            },
            "DNBCompanyFinancialInformation":{
              "GrossAnualIncome":"280000 | (Modeled)",
              "FinancialStressScore":0
            },
            "DOLSummary":[
              {
                "PetitionID":147975550,
                "EtaStatus":"NO MATCHING RECORD FOUND",
                "EtaCaseNumber":"N/A",
                "DolEtaClobId":0,
                "DolEtaFormType":"",
                "DolEtaFormVersion":"",
                "FilingDate":null,
                "EtaVisaType":null,
                "EmployerName":null,
                "Fein":"",
                "JobTitle":null,
                "TotalWorkerPositions":null,
                "ValidStartDate":null,
                "ValidEndDate":null,
                "PreviousEtaFilings":null
              }
            ]
          }
        ]
      }
    }
  }