{
    "VsrGetResponse":{
      "SourceSystemID":"VIBEService",
      "SourceTransactionID":"16954864-8a5a-49f7-842f-81e1cb55bb69",
      "ServiceRequestTimestamp":"2020-02-03T13:48:26.188-06:00",
      "ServiceResponseTimestamp":"2020-02-03T13:48:29.482-06:00",
      "AuditCorrelationID":"16954864-8a5a-49f7-842f-81e1cb55bb69",
      "VsrResultSet":{
        "lastRecordIndex":1,
        "recordCountInThisResultSet":1,
        "totalRecordCount":1,
        "VsrRecord":[
          {
            "ScoreID":"1255124",
            "AdjudicativeStatus":"DENIED",
            "ReceiptNumber":"EAC1205650869",
            "PetitionInformation":{
              "ReceiptNumber":"EAC1205650869",
              "PetitionVisaType":"L1B",
              "PetitionType":"I129",
              "ReceiptDate":"2012-06-10-05:00",
              "RecordTimeStamp":"2018-04-27T10:14:46-05:00",
              "OrganizationDataSource":"Petition",
              "OrganizationName":"IBM INDIA PVT LTD",
              "Address":{
                "AddressID":"211504644",
                "StreetFullText":"40 CRAIG DOBBINS WAY",
                "StreetExtensionText":"N/A",
                "LocationCityName":"ST JOHNS",
                "LocationPostalCode":"A1A 4Y3",
                "LocationStateName":"NEWFOUNDLAND",
                "LocationCountryName":"CA"
              },
              "DolEtaCaseNumber":null,
              "Fein":"N/A"
            },
            "VIBEScoreResult":{
              "Score":"ORANGE",
              "ScoreRunTimeStamp":"2020-02-03T13:47:47-06:00",
              "Matched":"No"
            },
            "DNBMatchedBranchInformation":"",
            "DNBMatchedCompanyInformation":{
              "OrganizationName":"IBM INDIA PVT LTD",
              "Address":{
                "AddressID":"329421747",
                "StreetFullText":"40 CRAIG DOBBINS WAY",
                "StreetExtensionText":"ST JOHNS INT",
                "LocationCityName":"ST JOHNS",
                "LocationPostalCode":"A1A 4Y3",
                "LocationStateName":"NEWFOUNDLAND",
                "LocationCountryName":"CA"
              },
              "LocationType":"Single Location",
              "OrganizationPhone":{
                "TelephoneNumberFullID":"1234567890"
              }
            },
            "DNBDetailedCompanyInformation":{
              "SevereRisk":"No",
              "OutOfBusinessIndicator":false,
              "NAICCodes":{
                "NAIC1":"",
                "NAIC2":"",
                "NAIC3":"",
                "NAIC4":"",
                "NAIC5":"",
                "NAIC6":""
              },
              "TradeStyleCodes":""
            },
            "DNBCompanyExecutiveBio":{
              "Executive1":"",
              "Executive2":"",
              "Executive3":""
            },
            "DNBCompanyFinancialInformation":""
          }
        ]
      }
    }
  }