{
    "VsrGetResponse":{
      "SourceSystemID":"VIBEService",
      "SourceTransactionID":"5d4a89ac-32fa-433c-9b77-241a815530e8",
      "ServiceRequestTimestamp":"2020-02-03T14:23:10.178-06:00",
      "ServiceResponseTimestamp":"2020-02-03T14:23:12.889-06:00",
      "AuditCorrelationID":"5d4a89ac-32fa-433c-9b77-241a815530e8",
      "VsrResultSet":{
        "lastRecordIndex":1,
        "recordCountInThisResultSet":1,
        "totalRecordCount":1,
        "VsrRecord":[
          {
            "ScoreID":"1255128",
            "AdjudicativeStatus":"UNKNOWN",
            "ReceiptNumber":"MSC1821350208",
            "PetitionInformation":{
              "ReceiptNumber":"MSC1821350208",
              "PetitionVisaType":"N/A",
              "PetitionType":"I485J",
              "ReceiptDate":"2018-05-23-05:00",
              "RecordTimeStamp":"2018-06-06T03:27:29-05:00",
              "OrganizationDataSource":"Application Supplement",
              "OrganizationName":"BANK OF AMERICA N.A.",
              "Address":{
                "AddressID":"329485058",
                "StreetFullText":"401 N TRYON STREET STE. NC1-021-07",
                "StreetExtensionText":"No",
                "LocationCityName":"CHARLOTTE",
                "LocationPostalCode":"28255",
                "LocationStateName":"NC",
                "LocationCountryName":null
              },
              "DolEtaCaseNumber":"NA",
              "Fein":"941687665"
            },
            "VIBEScoreResult":{
              "Score":"ORANGE",
              "ScoreRunTimeStamp":"2020-02-03T14:22:30-06:00",
              "Matched":"Yes",
              "ConfidenceFactor":"10"
            },
            "RedAttorney":{
              "PersonID":"39",
              "FDNSDSNumber":"Case# 1-024681234 (Disbarred)",
              "FirstName":"CLAUDE",
              "LastName":"FRAUDE",
              "State":"DC",
              "Comment":"10/26/2012: Attorney CLAUDE FRAUDE is disbarred by DOJ. Please review the DOJ EOIR listing at http://www.justice.gov/eoir/discipline.htm. Refer to FDNS DS Case# 1-024681234. Attorney's State Bar Number ID is DC  900013.",
              "DateAdded":"2012-10-26",
              "ValidUntilDate":"2025-08-06",
              "BarState":"DC",
              "BarNumber":"900013",
              "CurrentStatus":"A",
              "AttorneyFraud":"Y",
              "AttorneyDoj":"N",
              "OverrideScore":"RED"
            },
            "RedAddress":{
              "FDNSDSNumber":"Case# 1-24344454",
              "Address":{
                "AddressID":"114",
                "TelephoneNumberFullID":null,
                "StreetFullText":"1800 K Street NW Ste 400",
                "StreetExtensionText":null,
                "LocationCityName":"Washington",
                "LocationPostalCode":"20001",
                "LocationStateName":"DC",
                "LocationCountryName":null,
                "Comment":"8/8/2014: This address located at \"1800 K Street NW Ste 400, Washington, DC\" is associated with Immigration preparer Emma GRAZION-FREUD who filed numerous fraudulent applications and petitions.  FREUD is the registered agent of 7 businesses all of which occupy the same address and suite number.  Please refer to DS Case # 1-24344454.",
                "DateAdded":"2014-08-10",
                "ValidUntilDate":"2025-09-19",
                "AddedBy":"CLMIMS"
              },
              "ActivityFlag":"",
              "CurrentStatus":"A",
              "OverrideScore":"RED"
            },
            "DNBMatchedBranchInformation":"",
            "DNBMatchedCompanyInformation":{
              "OrganizationName":"Bank of America NA",
              "Address":{
                "AddressID":"329499299",
                "StreetFullText":"101 S Tryon St",
                "StreetExtensionText":null,
                "LocationCityName":"Charlotte",
                "LocationPostalCode":"28255-0001",
                "LocationStateName":"NC",
                "LocationCountryName":"USA"
              },
              "LocationType":"Branch (No HQ Available)",
              "OrganizationPhone":"",
              "OrganizationDUNSNumber":"785080818",
              "RelationshipToGlobal":"Not a subsidiary site",
              "ForeignRelationshipIndicator":"No"
            },
            "DNBDetailedCompanyInformation":{
              "ImportExport":"Not available or None",
              "NumberOfRelatedEntities":0,
              "NumberOfCorroboratingSources":2,
              "TotalTradePayments":10.0,
              "YearEstablished":0,
              "ManagementControlYear":0,
              "SevereRisk":"No",
              "OutOfBusinessIndicator":true,
              "NAICCodes":{
                "NAIC1":"522110-Commercial Banking",
                "NAIC2":"",
                "NAIC3":"",
                "NAIC4":"",
                "NAIC5":"",
                "NAIC6":""
              },
              "TradeStyleCodes":"",
              "NonProfitIndicator":"No"
            },
            "DNBCompanyExecutiveBio":{
              "Executive1":"",
              "Executive2":"",
              "Executive3":""
            },
            "DNBCompanyFinancialInformation":{
              "FinancialStressScore":3
            }
          }
        ]
      }
    }
  }