{
    "VsrResubmitResponse":{
      "SourceSystemID":"VIBEService",
      "SourceTransactionID":"c55f23b0-ebe2-459a-92fe-fc56407ddab3",
      "ServiceRequestTimestamp":"2020-02-03T14:01:49.981-06:00",
      "ServiceResponseTimestamp":"2020-02-03T14:01:54.415-06:00",
      "AuditCorrelationID":"c55f23b0-ebe2-459a-92fe-fc56407ddab3",
      "VsrResultSet":{
        "lastRecordIndex":1,
        "recordCountInThisResultSet":1,
        "totalRecordCount":1,
        "VsrRecord":[
          {
            "ScoreID":"1255125",
            "AdjudicativeStatus":"DENIED",
            "ReceiptNumber":"EAC1205650869",
            "PetitionInformation":{
              "ReceiptNumber":"EAC1205650869",
              "PetitionVisaType":"L1B",
              "PetitionType":"I129",
              "ReceiptDate":"2012-06-10-05:00",
              "RecordTimeStamp":"2018-04-27T10:14:46-05:00",
              "OrganizationDataSource":"Manual",
              "OrganizationName":"IBM INDIA PVT LTD",
              "Address":{
                "AddressID":"211504644",
                "StreetFullText":"40 CRAIG DOBBINS WAY",
                "StreetExtensionText":"N/A",
                "LocationCityName":"ST JOHNS",
                "LocationPostalCode":"A1A 4Y3",
                "LocationStateName":"NEWFOUNDLAND",
                "LocationCountryName":"CA"
              },
              "DolEtaCaseNumber":null,
              "Fein":"N/A"
            },
            "ManualSearchInfo":{
              "OrganizationName":"Archdiocese of Mobile",
              "Address":{
                "AddressID":"329500713",
                "StreetFullText":"400 Government St",
                "StreetExtensionText":null,
                "LocationCityName":"Mobile",
                "LocationPostalCode":"36602-2332",
                "LocationStateName":"AL",
                "LocationCountryName":"USA"
              },
              "RelatedToPetitioner":false
            },
            "VIBEScoreResult":{
              "Score":"GREEN",
              "ScoreRunTimeStamp":"2020-02-03T14:01:10-06:00",
              "Matched":"Yes",
              "ConfidenceFactor":"10"
            },
            "DNBMatchedBranchInformation":"",
            "DNBMatchedCompanyInformation":{
              "OrganizationName":"Archdiocese of Mobile",
              "Address":{
                "AddressID":"329500712",
                "StreetFullText":"400 Government St",
                "StreetExtensionText":null,
                "LocationCityName":"Mobile",
                "LocationPostalCode":"36602-2332",
                "LocationStateName":"AL",
                "LocationCountryName":"USA"
              },
              "LocationType":"HQ Location",
              "OrganizationPhone":{
                "TelephoneNumberFullID":"1-(251) 434-1530"
              },
              "OrganizationDUNSNumber":"079129219",
              "GlobalUltimateDUNSNumber":"079129219",
              "GlobalUltimateCompanyName":"Archdiocese of Mobile",
              "RelationshipToGlobal":"Not a subsidiary site",
              "ForeignRelationshipIndicator":"No",
              "OwnershipStatus":"Owns Space"
            },
            "DNBDetailedCompanyInformation":{
              "CEOName":"Toni Kaminski",
              "LegalStatusCode":"corporation",
              "ImportExport":"Not available or None",
              "NumberOfRelatedEntities":51,
              "NumberOfCorroboratingSources":4,
              "TotalTradePayments":135.0,
              "NumberOfEmployeesInUSA":"50 (Actual figure)",
              "NumberOfEmployeesWorldWide":"50 (Actual figure)",
              "YearEstablished":1825,
              "ManagementControlYear":1825,
              "SevereRisk":"No",
              "HistoryType":"Clear History",
              "OutOfBusinessIndicator":false,
              "NAICCodes":{
                "NAIC1":"813110-Religious Organizations",
                "NAIC2":"",
                "NAIC3":"",
                "NAIC4":"",
                "NAIC5":"",
                "NAIC6":""
              },
              "TradeStyleCodes":"",
              "TaxExemptIndicator":"Y"
            },
            "DNBCompanyExecutiveBio":{
              "Executive1":"Pastor THOMAS RODI, ",
              "Executive2":"OSCAR H LIPSCOMB, Archbishop",
              "Executive3":"LENA DEXTER, Vice President"
            },
            "DNBCompanyFinancialInformation":{
              "GrossAnualIncome":"59989015 | (Modeled)",
              "FinancialStressScore":2
            }
          }
        ]
      }
    }
  }