{
    "RedReportGetAdvancedResponse":{
      "SourceSystemID":"VIBEService",
      "SourceTransactionID":"5982c7e2-1f32-49fe-86af-63143ab33704",
      "ServiceRequestTimestamp":"2020-02-03T14:14:18.121-06:00",
      "ServiceResponseTimestamp":"2020-02-03T14:14:24.549-06:00",
      "AuditCorrelationID":"5982c7e2-1f32-49fe-86af-63143ab33704",
      "RedReportResultSet":{
        "totalRecordCount":47,
        "lastRecordIndex":1000000,
        "recordCountInThisResultSet":47,
        "RedReportRecord":[
          {
            "OrganizationName":"IBM CORPORATION",
            "Score":"RED",
            "ReceiptNumber":"EAC1419951216",
            "ReceiptDate":"2015-09-20",
            "DeliverToCFDO":true,
            "PetitionID":146819185,
            "PetitionType":"I129",
            "Fein":"",
            "DunsNumber":"001368083",
            "FDNSDSNumber":"FDNS456LUUTEST",
            "AddressID":"329458083",
            "VisaType":"1B1",
            "ConfidenceFactor":"10",
            "RedAttorneyID":"0",
            "AttorneyFraud":"N",
            "AttorneyDoj":"N",
            "RedPetitionAddressID":"0",
            "Entity":"IBM CORPORATION",
            "Identifier":"Company"
          },
          {
            "OrganizationName":"IBM INDIA PRIVATE LIMITED",
            "Score":"RED",
            "ReceiptNumber":"EAC1419852835",
            "ReceiptDate":"2015-09-20",
            "DeliverToCFDO":true,
            "PetitionID":146818461,
            "PetitionType":"I129",
            "Fein":"",
            "DunsNumber":"001368083",
            "FDNSDSNumber":"FDNS456LUUTEST",
            "AddressID":"329457359",
            "VisaType":"1B1",
            "ConfidenceFactor":"8",
            "RedAttorneyID":"0",
            "AttorneyFraud":"N",
            "AttorneyDoj":"N",
            "RedPetitionAddressID":"0",
            "Entity":"IBM INDIA PRIVATE LIMITED",
            "Identifier":"Company"
          },
          {
            "OrganizationName":"IBM INDIA PRIVATE LIMITED",
            "Score":"RED",
            "ReceiptNumber":"WAC1419750832",
            "ReceiptDate":"2015-09-20",
            "DeliverToCFDO":true,
            "PetitionID":146819591,
            "PetitionType":"I129",
            "Fein":"522061430",
            "DunsNumber":"001368083",
            "FDNSDSNumber":"FDNS456LUUTEST",
            "AddressID":"329458489",
            "VisaType":"1B1",
            "ConfidenceFactor":"8",
            "RedAttorneyID":"0",
            "AttorneyFraud":"N",
            "AttorneyDoj":"N",
            "RedPetitionAddressID":"0",
            "Entity":"IBM INDIA PRIVATE LIMITED",
            "Identifier":"Company"
          },
          {
            "OrganizationName":"IBM INDIA PRIVATE LIMITED",
            "Score":"RED",
            "ReceiptNumber":"EAC1420051498",
            "ReceiptDate":"2015-09-20",
            "DeliverToCFDO":true,
            "PetitionID":146821675,
            "PetitionType":"I129",
            "Fein":"",
            "DunsNumber":"001368083",
            "FDNSDSNumber":"FDNS456LUUTEST",
            "AddressID":"329460573",
            "VisaType":"1B1",
            "ConfidenceFactor":"8",
            "RedAttorneyID":"0",
            "AttorneyFraud":"N",
            "AttorneyDoj":"N",
            "RedPetitionAddressID":"0",
            "Entity":"IBM INDIA PRIVATE LIMITED",
            "Identifier":"Company"
          },
          {
            "OrganizationName":"IBM INDIA PRIVATE LIMITED",
            "Score":"RED",
            "ReceiptNumber":"EAC1420051465",
            "ReceiptDate":"2015-09-20",
            "DeliverToCFDO":true,
            "PetitionID":146821676,
            "PetitionType":"I129",
            "Fein":"",
            "DunsNumber":"001368083",
            "FDNSDSNumber":"FDNS456LUUTEST",
            "AddressID":"329460574",
            "VisaType":"L1B",
            "ConfidenceFactor":"8",
            "RedAttorneyID":"0",
            "AttorneyFraud":"N",
            "AttorneyDoj":"N",
            "RedPetitionAddressID":"0",
            "Entity":"IBM INDIA PRIVATE LIMITED",
            "Identifier":"Company"
          },
          {
            "OrganizationName":"IBM CORPORATION",
            "Score":"RED",
            "ReceiptNumber":"EAC1420151154",
            "ReceiptDate":"2015-09-20",
            "DeliverToCFDO":true,
            "PetitionID":146822442,
            "PetitionType":"I129",
            "Fein":"",
            "DunsNumber":"001368083",
            "FDNSDSNumber":"FDNS456LUUTEST",
            "AddressID":"329461340",
            "VisaType":"1B1",
            "ConfidenceFactor":"10",
            "RedAttorneyID":"0",
            "AttorneyFraud":"N",
            "AttorneyDoj":"N",
            "RedPetitionAddressID":"0",
            "Entity":"IBM CORPORATION",
            "Identifier":"Company"
          },
          {
            "OrganizationName":"IBM INDIA PRIVATE LIMITED",
            "Score":"RED",
            "ReceiptNumber":"EAC1420251508",
            "ReceiptDate":"2015-09-20",
            "DeliverToCFDO":true,
            "PetitionID":146823512,
            "PetitionType":"I129",
            "Fein":"",
            "DunsNumber":"001368083",
            "FDNSDSNumber":"FDNS456LUUTEST",
            "AddressID":"329462410",
            "VisaType":"1B1",
            "ConfidenceFactor":"8",
            "RedAttorneyID":"0",
            "AttorneyFraud":"N",
            "AttorneyDoj":"N",
            "RedPetitionAddressID":"0",
            "Entity":"IBM INDIA PRIVATE LIMITED",
            "Identifier":"Company"
          },
          {
            "OrganizationName":"VERINON TECHNOLOGY SOLUTIONS LTD",
            "Score":"RED",
            "ReceiptNumber":"EAC1420051414",
            "ReceiptDate":"2015-09-20",
            "DeliverToCFDO":true,
            "PetitionID":146821786,
            "PetitionType":"I129",
            "Fein":"",
            "DunsNumber":"119288236",
            "FDNSDSNumber":"CASE# 1-1601890",
            "AddressID":"329460684",
            "VisaType":"1B1",
            "ConfidenceFactor":"10",
            "RedAttorneyID":"0",
            "AttorneyFraud":"N",
            "AttorneyDoj":"N",
            "RedPetitionAddressID":"0",
            "Entity":"VERINON TECHNOLOGY SOLUTIONS LTD",
            "Identifier":"Company"
          },
          {
            "OrganizationName":"IBM INDIA PRIVATE LIMITED",
            "Score":"RED",
            "ReceiptNumber":"EAC1420051170",
            "ReceiptDate":"2015-09-20",
            "DeliverToCFDO":true,
            "PetitionID":146820846,
            "PetitionType":"I129",
            "Fein":"",
            "DunsNumber":"001368083",
            "FDNSDSNumber":"FDNS456LUUTEST",
            "AddressID":"329459744",
            "VisaType":"1B1",
            "ConfidenceFactor":"8",
            "RedAttorneyID":"0",
            "AttorneyFraud":"N",
            "AttorneyDoj":"N",
            "RedPetitionAddressID":"0",
            "Entity":"IBM INDIA PRIVATE LIMITED",
            "Identifier":"Company"
          },
          {
            "OrganizationName":"IBM CORPORATION",
            "Score":"RED",
            "ReceiptNumber":"EAC1420251711",
            "ReceiptDate":"2015-09-20",
            "DeliverToCFDO":true,
            "PetitionID":146824711,
            "PetitionType":"I129",
            "Fein":"",
            "DunsNumber":"001368083",
            "FDNSDSNumber":"FDNS456LUUTEST",
            "AddressID":"329463609",
            "VisaType":"1B1",
            "ConfidenceFactor":"10",
            "RedAttorneyID":"0",
            "AttorneyFraud":"N",
            "AttorneyDoj":"N",
            "RedPetitionAddressID":"0",
            "Entity":"IBM CORPORATION",
            "Identifier":"Company"
          },
          {
            "OrganizationName":"IBM CORPORATION",
            "Score":"RED",
            "ReceiptNumber":"EAC1419950468",
            "ReceiptDate":"2015-09-20",
            "DeliverToCFDO":true,
            "PetitionID":146818679,
            "PetitionType":"I129",
            "Fein":"",
            "DunsNumber":"001368083",
            "FDNSDSNumber":"FDNS456LUUTEST",
            "AddressID":"329457577",
            "VisaType":"L1A",
            "ConfidenceFactor":"10",
            "RedAttorneyID":"0",
            "AttorneyFraud":"N",
            "AttorneyDoj":"N",
            "RedPetitionAddressID":"0",
            "Entity":"IBM CORPORATION",
            "Identifier":"Company"
          },
          {
            "OrganizationName":"IBM INDIA PRIVATE LIMITED",
            "Score":"RED",
            "ReceiptNumber":"EAC1419951487",
            "ReceiptDate":"2015-09-20",
            "DeliverToCFDO":true,
            "PetitionID":146820009,
            "PetitionType":"I129",
            "Fein":"",
            "DunsNumber":"001368083",
            "FDNSDSNumber":"FDNS456LUUTEST",
            "AddressID":"329458907",
            "VisaType":"L1A",
            "ConfidenceFactor":"8",
            "RedAttorneyID":"0",
            "AttorneyFraud":"N",
            "AttorneyDoj":"N",
            "RedPetitionAddressID":"0",
            "Entity":"IBM INDIA PRIVATE LIMITED",
            "Identifier":"Company"
          },
          {
            "OrganizationName":"IBM CORPORATION",
            "Score":"RED",
            "ReceiptNumber":"LIN1419550193",
            "ReceiptDate":"2015-09-20",
            "DeliverToCFDO":true,
            "PetitionID":146821174,
            "PetitionType":"I140",
            "Fein":"",
            "DunsNumber":"001368083",
            "FDNSDSNumber":"FDNS456LUUTEST",
            "AddressID":"329460072",
            "VisaType":"E21",
            "ConfidenceFactor":"10",
            "RedAttorneyID":"0",
            "AttorneyFraud":"N",
            "AttorneyDoj":"N",
            "RedPetitionAddressID":"0",
            "Entity":"IBM CORPORATION",
            "Identifier":"Company"
          },
          {
            "OrganizationName":"IBM INDIA PRIVATE LIMITED",
            "Score":"RED",
            "ReceiptNumber":"WAC1419451191",
            "ReceiptDate":"2015-09-20",
            "DeliverToCFDO":true,
            "PetitionID":146814260,
            "PetitionType":"I129",
            "Fein":"522061430",
            "DunsNumber":"001368083",
            "FDNSDSNumber":"FDNS456LUUTEST",
            "AddressID":"329453158",
            "VisaType":"1B1",
            "ConfidenceFactor":"8",
            "RedAttorneyID":"0",
            "AttorneyFraud":"N",
            "AttorneyDoj":"N",
            "RedPetitionAddressID":"0",
            "Entity":"IBM INDIA PRIVATE LIMITED",
            "Identifier":"Company"
          },
          {
            "OrganizationName":"IBM CORPORATION",
            "Score":"RED",
            "ReceiptNumber":"EAC1420650880",
            "ReceiptDate":"2018-04-27",
            "DeliverToCFDO":true,
            "PetitionID":146831410,
            "PetitionType":"I129",
            "Fein":"",
            "DunsNumber":"001368083",
            "FDNSDSNumber":"FDNS456LUUTEST",
            "AddressID":"329470308",
            "VisaType":"1B1",
            "ConfidenceFactor":"10",
            "RedAttorneyID":"0",
            "AttorneyFraud":"N",
            "AttorneyDoj":"N",
            "RedPetitionAddressID":"0",
            "Entity":"IBM CORPORATION",
            "Identifier":"Company"
          },
          {
            "OrganizationName":"IBM INDIA PRIVATE LIMITED",
            "Score":"RED",
            "ReceiptNumber":"EAC1420051666",
            "ReceiptDate":"2015-09-20",
            "DeliverToCFDO":true,
            "PetitionID":146821864,
            "PetitionType":"I129",
            "Fein":"",
            "DunsNumber":"001368083",
            "FDNSDSNumber":"FDNS456LUUTEST",
            "AddressID":"329460762",
            "VisaType":"1B1",
            "ConfidenceFactor":"8",
            "RedAttorneyID":"0",
            "AttorneyFraud":"N",
            "AttorneyDoj":"N",
            "RedPetitionAddressID":"0",
            "Entity":"IBM INDIA PRIVATE LIMITED",
            "Identifier":"Company"
          },
          {
            "OrganizationName":"IBM INDIA PRIVATE LIMITED",
            "Score":"RED",
            "ReceiptNumber":"WAC1420150493",
            "ReceiptDate":"2015-09-20",
            "DeliverToCFDO":true,
            "PetitionID":146826157,
            "PetitionType":"I129",
            "Fein":"522061430",
            "DunsNumber":"001368083",
            "FDNSDSNumber":"FDNS456LUUTEST",
            "AddressID":"329465055",
            "VisaType":"1B1",
            "ConfidenceFactor":"8",
            "RedAttorneyID":"0",
            "AttorneyFraud":"N",
            "AttorneyDoj":"N",
            "RedPetitionAddressID":"0",
            "Entity":"IBM INDIA PRIVATE LIMITED",
            "Identifier":"Company"
          },
          {
            "OrganizationName":"IBM CORPORATION",
            "Score":"RED",
            "ReceiptNumber":"SRC1419950181",
            "ReceiptDate":"2015-09-20",
            "DeliverToCFDO":true,
            "PetitionID":146821002,
            "PetitionType":"I140",
            "Fein":"",
            "DunsNumber":"001368083",
            "FDNSDSNumber":"FDNS456LUUTEST",
            "AddressID":"329459900",
            "VisaType":"E21",
            "ConfidenceFactor":"9",
            "RedAttorneyID":"0",
            "AttorneyFraud":"N",
            "AttorneyDoj":"N",
            "RedPetitionAddressID":"0",
            "Entity":"IBM CORPORATION",
            "Identifier":"Company"
          },
          {
            "OrganizationName":"IBM CORPORATION",
            "Score":"RED",
            "ReceiptNumber":"EAC1420751236",
            "ReceiptDate":"2018-04-27",
            "DeliverToCFDO":true,
            "PetitionID":146834062,
            "PetitionType":"I129",
            "Fein":"",
            "DunsNumber":"001368083",
            "FDNSDSNumber":"FDNS456LUUTEST",
            "AddressID":"329472960",
            "VisaType":"1B1",
            "ConfidenceFactor":"10",
            "RedAttorneyID":"0",
            "AttorneyFraud":"N",
            "AttorneyDoj":"N",
            "RedPetitionAddressID":"0",
            "Entity":"IBM CORPORATION",
            "Identifier":"Company"
          },
          {
            "OrganizationName":"IBM CORPORATION",
            "Score":"RED",
            "ReceiptNumber":"EAC1420851240",
            "ReceiptDate":"2015-09-20",
            "DeliverToCFDO":true,
            "PetitionID":146834766,
            "PetitionType":"I129",
            "Fein":"",
            "DunsNumber":"001368083",
            "FDNSDSNumber":"FDNS456LUUTEST",
            "AddressID":"329473664",
            "VisaType":"1B1",
            "ConfidenceFactor":"10",
            "RedAttorneyID":"0",
            "AttorneyFraud":"N",
            "AttorneyDoj":"N",
            "RedPetitionAddressID":"0",
            "Entity":"IBM CORPORATION",
            "Identifier":"Company"
          },
          {
            "OrganizationName":"IBM CORPORATION",
            "Score":"RED",
            "ReceiptNumber":"EAC1420550896",
            "ReceiptDate":"2015-09-20",
            "DeliverToCFDO":false,
            "PetitionID":146829531,
            "PetitionType":"I129",
            "Fein":"",
            "DunsNumber":"001368083",
            "FDNSDSNumber":"FDNS456LUUTEST",
            "AddressID":"329468429",
            "VisaType":"1B1",
            "ConfidenceFactor":"10",
            "RedAttorneyID":"0",
            "AttorneyFraud":"N",
            "AttorneyDoj":"N",
            "RedPetitionAddressID":"0",
            "Entity":"IBM CORPORATION",
            "Identifier":"Company"
          },
          {
            "OrganizationName":"IBM CORPORATION",
            "Score":"RED",
            "ReceiptNumber":"EAC1420650908",
            "ReceiptDate":"2015-09-20",
            "DeliverToCFDO":false,
            "PetitionID":146831441,
            "PetitionType":"I129",
            "Fein":"",
            "DunsNumber":"001368083",
            "FDNSDSNumber":"FDNS456LUUTEST",
            "AddressID":"329470339",
            "VisaType":"1B1",
            "ConfidenceFactor":"10",
            "RedAttorneyID":"0",
            "AttorneyFraud":"N",
            "AttorneyDoj":"N",
            "RedPetitionAddressID":"0",
            "Entity":"IBM CORPORATION",
            "Identifier":"Company"
          },
          {
            "OrganizationName":"IBM CORPORATION",
            "Score":"RED",
            "ReceiptNumber":"EAC1420650871",
            "ReceiptDate":"2015-09-20",
            "DeliverToCFDO":true,
            "PetitionID":146831487,
            "PetitionType":"I129",
            "Fein":"",
            "DunsNumber":"001368083",
            "FDNSDSNumber":"FDNS456LUUTEST",
            "AddressID":"329470385",
            "VisaType":"1B1",
            "ConfidenceFactor":"10",
            "RedAttorneyID":"0",
            "AttorneyFraud":"N",
            "AttorneyDoj":"N",
            "RedPetitionAddressID":"0",
            "Entity":"IBM CORPORATION",
            "Identifier":"Company"
          },
          {
            "OrganizationName":"IBM INDIA PRIVATE LTD",
            "Score":"RED",
            "ReceiptNumber":"WAC1420550537",
            "ReceiptDate":"2015-09-20",
            "DeliverToCFDO":true,
            "PetitionID":146833575,
            "PetitionType":"I129",
            "Fein":"522061430",
            "DunsNumber":"001368083",
            "FDNSDSNumber":"FDNS456LUUTEST",
            "AddressID":"329472473",
            "VisaType":"L1A",
            "ConfidenceFactor":"8",
            "RedAttorneyID":"0",
            "AttorneyFraud":"N",
            "AttorneyDoj":"N",
            "RedPetitionAddressID":"0",
            "Entity":"IBM INDIA PRIVATE LTD",
            "Identifier":"Company"
          },
          {
            "OrganizationName":"BANK OF AMERICA N.A.",
            "Score":"ORANGE",
            "ReceiptNumber":"MSC1821350208",
            "ReceiptDate":"2018-06-06",
            "DeliverToCFDO":false,
            "PetitionID":146844987,
            "PetitionType":"I485J",
            "Fein":"941687665",
            "DunsNumber":"",
            "FDNSDSNumber":"Case# 1-024681234 (Disbarred)",
            "AddressID":"329485058",
            "VisaType":"N/A",
            "ConfidenceFactor":"10",
            "RedAttorneyID":"39",
            "FirstName":"CLAUDE",
            "LastName":"FRAUDE",
            "AttorneyFraud":"Y",
            "AttorneyDoj":"N",
            "RedPetitionAddressID":"0",
            "Entity":"CLAUDE FRAUDE",
            "Identifier":"Attorney-Fraud"
          },
          {
            "OrganizationName":"IBM INDIA PRIVATE LIMITED",
            "Score":"RED",
            "ReceiptNumber":"EAC1420551767",
            "ReceiptDate":"2015-09-20",
            "DeliverToCFDO":true,
            "PetitionID":146831024,
            "PetitionType":"I129",
            "Fein":"",
            "DunsNumber":"001368083",
            "FDNSDSNumber":"FDNS456LUUTEST",
            "AddressID":"329469922",
            "VisaType":"1B1",
            "ConfidenceFactor":"8",
            "RedAttorneyID":"0",
            "AttorneyFraud":"N",
            "AttorneyDoj":"N",
            "RedPetitionAddressID":"0",
            "Entity":"IBM INDIA PRIVATE LIMITED",
            "Identifier":"Company"
          },
          {
            "OrganizationName":"IBM INDIA PRIVATE LTD",
            "Score":"RED",
            "ReceiptNumber":"WAC1419650037",
            "ReceiptDate":"2018-04-27",
            "DeliverToCFDO":true,
            "PetitionID":146817913,
            "PetitionType":"I129",
            "Fein":"522061430",
            "DunsNumber":"001368083",
            "FDNSDSNumber":"FDNS456LUUTEST",
            "AddressID":"329456811",
            "VisaType":"1B1",
            "ConfidenceFactor":"8",
            "RedAttorneyID":"0",
            "AttorneyFraud":"N",
            "AttorneyDoj":"N",
            "RedPetitionAddressID":"0",
            "Entity":"IBM INDIA PRIVATE LTD",
            "Identifier":"Company"
          },
          {
            "OrganizationName":"IBM INDIA PRIVATE LTD",
            "Score":"RED",
            "ReceiptNumber":"WAC1419650048",
            "ReceiptDate":"2015-09-20",
            "DeliverToCFDO":true,
            "PetitionID":146818116,
            "PetitionType":"I129",
            "Fein":"522061430",
            "DunsNumber":"001368083",
            "FDNSDSNumber":"FDNS456LUUTEST",
            "AddressID":"329457014",
            "VisaType":"1B1",
            "ConfidenceFactor":"8",
            "RedAttorneyID":"0",
            "AttorneyFraud":"N",
            "AttorneyDoj":"N",
            "RedPetitionAddressID":"0",
            "Entity":"IBM INDIA PRIVATE LTD",
            "Identifier":"Company"
          },
          {
            "OrganizationName":"IBM INDIA PRIVATE LIMITED",
            "Score":"RED",
            "ReceiptNumber":"WAC1419751190",
            "ReceiptDate":"2015-09-20",
            "DeliverToCFDO":true,
            "PetitionID":146820546,
            "PetitionType":"I129",
            "Fein":"522061430",
            "DunsNumber":"001368083",
            "FDNSDSNumber":"FDNS456LUUTEST",
            "AddressID":"329459444",
            "VisaType":"1B1",
            "ConfidenceFactor":"8",
            "RedAttorneyID":"0",
            "AttorneyFraud":"N",
            "AttorneyDoj":"N",
            "RedPetitionAddressID":"0",
            "Entity":"IBM INDIA PRIVATE LIMITED",
            "Identifier":"Company"
          },
          {
            "OrganizationName":"IBM INDIA PRIVATE LIMITED",
            "Score":"RED",
            "ReceiptNumber":"EAC1420051449",
            "ReceiptDate":"2015-09-20",
            "DeliverToCFDO":true,
            "PetitionID":146821778,
            "PetitionType":"I129",
            "Fein":"",
            "DunsNumber":"001368083",
            "FDNSDSNumber":"FDNS456LUUTEST",
            "AddressID":"329460676",
            "VisaType":"L1A",
            "ConfidenceFactor":"8",
            "RedAttorneyID":"0",
            "AttorneyFraud":"N",
            "AttorneyDoj":"N",
            "RedPetitionAddressID":"0",
            "Entity":"IBM INDIA PRIVATE LIMITED",
            "Identifier":"Company"
          },
          {
            "OrganizationName":"WAT AHRAM MEINJAI INC",
            "Score":"RED",
            "ReceiptNumber":"WAC1490363155",
            "ReceiptDate":"2015-09-20",
            "DeliverToCFDO":true,
            "PetitionID":146819767,
            "PetitionType":"I360",
            "Fein":"272714590",
            "DunsNumber":"017182918",
            "FDNSDSNumber":"CR#: 1-80774886",
            "AddressID":"329458665",
            "VisaType":"SD1/SD6",
            "ConfidenceFactor":"10",
            "RedAttorneyID":"0",
            "AttorneyFraud":"N",
            "AttorneyDoj":"N",
            "RedPetitionAddressID":"0",
            "Entity":"WAT AHRAM MEINJAI INC",
            "Identifier":"Company"
          },
          {
            "OrganizationName":"IBM CORPORATION",
            "Score":"RED",
            "ReceiptNumber":"LIN1490822900",
            "ReceiptDate":"2015-09-20",
            "DeliverToCFDO":true,
            "PetitionID":146818796,
            "PetitionType":"I140",
            "Fein":"",
            "DunsNumber":"001368083",
            "FDNSDSNumber":"FDNS456LUUTEST",
            "AddressID":"329457694",
            "VisaType":"E12",
            "ConfidenceFactor":"10",
            "RedAttorneyID":"0",
            "AttorneyFraud":"N",
            "AttorneyDoj":"N",
            "RedPetitionAddressID":"0",
            "Entity":"IBM CORPORATION",
            "Identifier":"Company"
          },
          {
            "OrganizationName":"IBM CORPORATION",
            "Score":"RED",
            "ReceiptNumber":"EAC1419951398",
            "ReceiptDate":"2015-09-20",
            "DeliverToCFDO":true,
            "PetitionID":146819929,
            "PetitionType":"I129",
            "Fein":"",
            "DunsNumber":"001368083",
            "FDNSDSNumber":"FDNS456LUUTEST",
            "AddressID":"329458827",
            "VisaType":"1B1",
            "ConfidenceFactor":"10",
            "RedAttorneyID":"0",
            "AttorneyFraud":"N",
            "AttorneyDoj":"N",
            "RedPetitionAddressID":"0",
            "Entity":"IBM CORPORATION",
            "Identifier":"Company"
          },
          {
            "OrganizationName":"IBM INDIA PRIVATE LTD",
            "Score":"RED",
            "ReceiptNumber":"WAC1419850587",
            "ReceiptDate":"2015-09-20",
            "DeliverToCFDO":true,
            "PetitionID":146821498,
            "PetitionType":"I129",
            "Fein":"522061430",
            "DunsNumber":"001368083",
            "FDNSDSNumber":"FDNS456LUUTEST",
            "AddressID":"329460396",
            "VisaType":"1B1",
            "ConfidenceFactor":"8",
            "RedAttorneyID":"0",
            "AttorneyFraud":"N",
            "AttorneyDoj":"N",
            "RedPetitionAddressID":"0",
            "Entity":"IBM INDIA PRIVATE LTD",
            "Identifier":"Company"
          },
          {
            "OrganizationName":"IBM CORPORATION",
            "Score":"RED",
            "ReceiptNumber":"WAC1419550371",
            "ReceiptDate":"2018-04-27",
            "DeliverToCFDO":true,
            "PetitionID":146816676,
            "PetitionType":"I129",
            "Fein":"130871985",
            "DunsNumber":"001368083",
            "FDNSDSNumber":"FDNS456LUUTEST",
            "AddressID":"329455574",
            "VisaType":"1B1",
            "ConfidenceFactor":"10",
            "RedAttorneyID":"0",
            "AttorneyFraud":"N",
            "AttorneyDoj":"N",
            "RedPetitionAddressID":"0",
            "Entity":"IBM CORPORATION",
            "Identifier":"Company"
          },
          {
            "OrganizationName":"IBM CORPORATION",
            "Score":"RED",
            "ReceiptNumber":"EAC1420051416",
            "ReceiptDate":"2015-09-20",
            "DeliverToCFDO":true,
            "PetitionID":146821922,
            "PetitionType":"I129",
            "Fein":"",
            "DunsNumber":"001368083",
            "FDNSDSNumber":"FDNS456LUUTEST",
            "AddressID":"329460820",
            "VisaType":"1B1",
            "ConfidenceFactor":"10",
            "RedAttorneyID":"0",
            "AttorneyFraud":"N",
            "AttorneyDoj":"N",
            "RedPetitionAddressID":"0",
            "Entity":"IBM CORPORATION",
            "Identifier":"Company"
          },
          {
            "OrganizationName":"IBM INDIA PRIVATE LIMITED",
            "Score":"RED",
            "ReceiptNumber":"WAC1420051002",
            "ReceiptDate":"2015-09-20",
            "DeliverToCFDO":true,
            "PetitionID":146825742,
            "PetitionType":"I129",
            "Fein":"522061430",
            "DunsNumber":"001368083",
            "FDNSDSNumber":"FDNS456LUUTEST",
            "AddressID":"329464640",
            "VisaType":"1B1",
            "ConfidenceFactor":"8",
            "RedAttorneyID":"0",
            "AttorneyFraud":"N",
            "AttorneyDoj":"N",
            "RedPetitionAddressID":"0",
            "Entity":"IBM INDIA PRIVATE LIMITED",
            "Identifier":"Company"
          },
          {
            "OrganizationName":"IBM CORPORATION",
            "Score":"RED",
            "ReceiptNumber":"SRC1490339475",
            "ReceiptDate":"2015-09-20",
            "DeliverToCFDO":true,
            "PetitionID":146825032,
            "PetitionType":"I140",
            "Fein":"",
            "DunsNumber":"001368083",
            "FDNSDSNumber":"FDNS456LUUTEST",
            "AddressID":"329463930",
            "VisaType":"E21",
            "ConfidenceFactor":"10",
            "RedAttorneyID":"0",
            "AttorneyFraud":"N",
            "AttorneyDoj":"N",
            "RedPetitionAddressID":"0",
            "Entity":"IBM CORPORATION",
            "Identifier":"Company"
          },
          {
            "OrganizationName":"IBM CORPORATION",
            "Score":"RED",
            "ReceiptNumber":"EAC1420650885",
            "ReceiptDate":"2015-09-20",
            "DeliverToCFDO":true,
            "PetitionID":146831406,
            "PetitionType":"I129",
            "Fein":"",
            "DunsNumber":"001368083",
            "FDNSDSNumber":"FDNS456LUUTEST",
            "AddressID":"329470304",
            "VisaType":"1B1",
            "ConfidenceFactor":"10",
            "RedAttorneyID":"0",
            "AttorneyFraud":"N",
            "AttorneyDoj":"N",
            "RedPetitionAddressID":"0",
            "Entity":"IBM CORPORATION",
            "Identifier":"Company"
          },
          {
            "OrganizationName":"IBM CORPORATION",
            "Score":"RED",
            "ReceiptNumber":"EAC1419951647",
            "ReceiptDate":"2018-04-27",
            "DeliverToCFDO":true,
            "PetitionID":146820044,
            "PetitionType":"I129",
            "Fein":"",
            "DunsNumber":"001368083",
            "FDNSDSNumber":"FDNS456LUUTEST",
            "AddressID":"329458942",
            "VisaType":"1B1",
            "ConfidenceFactor":"10",
            "RedAttorneyID":"0",
            "AttorneyFraud":"N",
            "AttorneyDoj":"N",
            "RedPetitionAddressID":"0",
            "Entity":"IBM CORPORATION",
            "Identifier":"Company"
          },
          {
            "OrganizationName":"IBM INDIA PRIVATE LIMITED",
            "Score":"RED",
            "ReceiptNumber":"EAC1419951265",
            "ReceiptDate":"2015-09-20",
            "DeliverToCFDO":true,
            "PetitionID":146819251,
            "PetitionType":"I129",
            "Fein":"",
            "DunsNumber":"001368083",
            "FDNSDSNumber":"FDNS456LUUTEST",
            "AddressID":"329458149",
            "VisaType":"1B1",
            "ConfidenceFactor":"8",
            "RedAttorneyID":"0",
            "AttorneyFraud":"N",
            "AttorneyDoj":"N",
            "RedPetitionAddressID":"0",
            "Entity":"IBM INDIA PRIVATE LIMITED",
            "Identifier":"Company"
          },
          {
            "OrganizationName":"IBM CORPORATION",
            "Score":"RED",
            "ReceiptNumber":"EAC1420851208",
            "ReceiptDate":"2015-09-20",
            "DeliverToCFDO":true,
            "PetitionID":146834753,
            "PetitionType":"I129",
            "Fein":"",
            "DunsNumber":"001368083",
            "FDNSDSNumber":"FDNS456LUUTEST",
            "AddressID":"329473651",
            "VisaType":"1B1",
            "ConfidenceFactor":"10",
            "RedAttorneyID":"0",
            "AttorneyFraud":"N",
            "AttorneyDoj":"N",
            "RedPetitionAddressID":"0",
            "Entity":"IBM CORPORATION",
            "Identifier":"Company"
          },
          {
            "OrganizationName":"IBM CORPORATION",
            "Score":"RED",
            "ReceiptNumber":"EAC1420851296",
            "ReceiptDate":"2015-09-20",
            "DeliverToCFDO":true,
            "PetitionID":146834733,
            "PetitionType":"I129",
            "Fein":"",
            "DunsNumber":"001368083",
            "FDNSDSNumber":"FDNS456LUUTEST",
            "AddressID":"329473631",
            "VisaType":"1B1",
            "ConfidenceFactor":"10",
            "RedAttorneyID":"0",
            "AttorneyFraud":"N",
            "AttorneyDoj":"N",
            "RedPetitionAddressID":"0",
            "Entity":"IBM CORPORATION",
            "Identifier":"Company"
          },
          {
            "OrganizationName":"IBM CORPORATION",
            "Score":"RED",
            "ReceiptNumber":"SRC1419850252",
            "ReceiptDate":"2015-09-20",
            "DeliverToCFDO":true,
            "PetitionID":146819331,
            "PetitionType":"I140",
            "Fein":"",
            "DunsNumber":"001368083",
            "FDNSDSNumber":"FDNS456LUUTEST",
            "AddressID":"329458229",
            "VisaType":"E21",
            "ConfidenceFactor":"10",
            "RedAttorneyID":"0",
            "AttorneyFraud":"N",
            "AttorneyDoj":"N",
            "RedPetitionAddressID":"0",
            "Entity":"IBM CORPORATION",
            "Identifier":"Company"
          },
          {
            "OrganizationName":"ERNST & YOUNG US LLP",
            "Score":"GREEN",
            "ReceiptNumber":"EAC1804552035",
            "ReceiptDate":"2017-12-06",
            "DeliverToCFDO":false,
            "PetitionID":147972613,
            "PetitionType":"I129",
            "Fein":"346565596",
            "DunsNumber":"967235560",
            "FDNSDSNumber":"Case 1-1688161",
            "AddressID":"329498889",
            "VisaType":"1B1",
            "ConfidenceFactor":"10",
            "RedAttorneyID":"3",
            "FirstName":"MARGARET",
            "LastName":"GNOW",
            "AttorneyFraud":"Y",
            "AttorneyDoj":"N",
            "RedPetitionAddressID":"0",
            "Entity":"MARGARET GNOW",
            "Identifier":"Attorney-Fraud"
          },
          {
            "OrganizationName":"IBM INDIA PRIVATE LIMITED",
            "Score":"RED",
            "ReceiptNumber":"EAC1419951089",
            "ReceiptDate":"2018-04-27",
            "DeliverToCFDO":true,
            "PetitionID":146819019,
            "PetitionType":"I129",
            "Fein":"",
            "DunsNumber":"965533149",
            "FDNSDSNumber":"CASE: TRY IN JUNE",
            "AddressID":"329457917",
            "VisaType":"1B1",
            "ConfidenceFactor":"10",
            "AddedBy":"BATCH",
            "RedAttorneyID":"0",
            "AttorneyFraud":"N",
            "AttorneyDoj":"N",
            "RedPetitionAddressID":"0",
            "Entity":"IBM INDIA PRIVATE LIMITED",
            "Identifier":"Company"
          },
          {
            "OrganizationName":"x",
            "Score":"N/A",
            "ReceiptNumber":"LIN1720850050",
            "ReceiptDate":"2019-05-16",
            "DeliverToCFDO":true,
            "PetitionID":147974071,
            "PetitionType":"I129",
            "Fein":"",
            "DunsNumber":"",
            "FDNSDSNumber":"Case 1-13636787",
            "AddressID":"329499508",
            "VisaType":"H2A",
            "RedAttorneyID":"20",
            "AttorneyFraud":"Y",
            "AttorneyDoj":"N",
            "RedPetitionAddressID":"0",
            "Entity":" ",
            "Identifier":"Attorney-Fraud"
          }
        ]
      }
    }
  }