{
    "ScoreCardGetResponse":{
      "SourceSystemID":"VIBEService",
      "SourceTransactionID":"edd96ad6-8498-41db-b871-d9ce68abddb5",
      "ServiceRequestTimestamp":"2020-02-03T13:48:30.723-06:00",
      "ServiceResponseTimestamp":"2020-02-03T13:48:30.731-06:00",
      "AuditCorrelationID":"edd96ad6-8498-41db-b871-d9ce68abddb5",
      "ScoreCardResultSet":{
        "ScoreCardRecord":[
          {
            "BusinessRuleName":"Financial Stress Score",
            "Score":"N/A"
          },
          {
            "BusinessRuleName":"Foreign Affiliate Indicator",
            "Score":"N/A"
          },
          {
            "BusinessRuleName":"Legal Status Code",
            "Score":"N/A"
          },
          {
            "BusinessRuleName":"Match Confidence",
            "Score":"ORANGE"
          },
          {
            "BusinessRuleName":"NAICS",
            "Score":"GREEN"
          },
          {
            "BusinessRuleName":"Business Activity",
            "Score":"N/A"
          },
          {
            "BusinessRuleName":"Override Score",
            "Score":"N/A"
          },
          {
            "BusinessRuleName":"Years in Business",
            "Score":"N/A"
          }
        ]
      }
    }
  }