{
    "SourceSystemID":"VIBEService",
    "SourceTransactionID":"4a37a795-dd29-408c-aedd-ad787ab53a9f",
    "ServiceRequestTimestamp":"2020-02-03T13:54:43.359-06:00",
    "ServiceResponseTimestamp":"2020-02-03T13:54:45.021-06:00",
    "AuditCorrelationID":"4a37a795-dd29-408c-aedd-ad787ab53a9f",
    "AgnID":"431817740",
    "OrganizationName":"IBM INDIA PVT LTD",
    "ConfidenceFactor":"10",
    "Address":{
      "OrganizationName":"IBM INDIA PVT LTD",
      "TelephoneNumberFullID":"",
      "StreetFullText":"40 CRAIG DOBBINS WAY",
      "StreetExtensionText":"",
      "LocationCityName":"ST JOHNS",
      "LocationPostalCode":"A1A 4Y3 ",
      "LocationStateName":"NEWFOUNDLAND",
      "LocationCountryName":"CA"
    },
    "OrganizationInformation":{
      "OrganizationDetail":{
        "AGN_ID":"431817740",
        "OrganizationName":"IBM INDIA PVT LTD",
        "LocationType":"0",
        "NixieCode":"N",
        "Latitude":"47.609967",
        "Longitude":"-52.741454",
        "PrimarySicCode":"45229904"
      },
      "PhysicalAddress":{
        "StreetFullText":"40 CRAIG DOBBINS WAY",
        "StreetExtensionText":"",
        "LocationCityName":"ST JOHNS",
        "LocationPostalCode":"A1A 4Y3 ",
        "LocationStateName":"NEWFOUNDLAND",
        "LocationCountryName":"CA"
      }
    }
  }