{
  "GetDolDetailByPetitionIDResponse":{
    "SourceSystemID":"VIBEService",
    "SourceTransactionID":"72f8c79d-66a3-40d5-959b-a33e258b6094",
    "ServiceRequestTimestamp":"2019-02-27T12:46:57.906-06:00",
    "ServiceResponseTimestamp":"2019-02-27T12:46:57.938-06:00",
    "AuditCorrelationID":"72f8c79d-66a3-40d5-959b-a33e258b6094",
    "DolEtaFormType":"9035",
    "DolEtaFormVersion":"2",
    "DolJsonData":"{ \"DOL_DATA\": {\"DOL_ETA_CLOB\":{\"CASE_NUMBER\":\"I-200-18351-782378\",\"CASE_STATUS\":\"CERTIFIED\",\"CASE_CERTFROM\":\"01-JUN-19\",\"CASE_CERTTO\":\"31-MAY-22\",\"A1_VISA_CLASS\":\"H-1B\",\"B1_TEMPNEED_JOBTITLE\":\"STAFF SOFTWARE ENGINEER\",\"B2_TEMPNEED_SOCCODE\":\"15-1133\",\"B3_TEMPNEED_OCCTITLE\":\"SOFTWARE DEVELOPERS, SYSTEMS SOFTWARE\",\"B4_TEMPNEED_FULLTIME\":\"Y\",\"B5_TEMPNEED_START\":\"01-JUN-19\",\"B6_TEMPNEED_END\":\"31-MAY-22\",\"B7_TEMPNEED_POSITIONS\":\"50\",\"B7A_TEMPNEED_NEWEMP\":\"0\",\"B7B_TEMPNEED_CONTEMP\":\"0\",\"B7C_TEMPNEED_CHGAPPEMP\":\"20\",\"B7D_TEMPNEED_CONCUREMP\":\"0\",\"B7E_TEMPNEED_CHGINEMPLOYER\":\"15\",\"B7F_TEMPNEED_AMENDEDPETITION\":\"15\",\"C1_EMP_BUSINESS_NAME\":\"QUALCOMM TECHNOLOGIES, INC.\",\"C3_EMP_ADDR1\":\"5775 MOREHOUSE DRIVE\",\"C5_EMP_CITY\":\"SAN DIEGO\",\"C6_EMP_STATE\":\"CA\",\"C7_EMP_POSTCODE\":\"92121\",\"C8_EMP_COUNTRY\":\"UNITED STATES OF AMERICA\",\"C10_EMP_PHONE\":\"8588453309\",\"C12_EMP_FEIN\":\"453157787\",\"C13_EMP_NAICS\":\"334220\",\"NAICS_TEXT\":\"Radio and Television Broadcasting and Wireless Communications Equipment Manufacturing\",\"D1_EMPPOC_LASTNAME\":\"WIGHT\",\"D2_EMPPOC_FIRSTNAME\":\"DANIEL\",\"D3_EMPPOC_MIDDLENAME\":\"T.\",\"D4_EMPPOC_JOBTITLE\":\"MANAGER, HR (IMMIGRATION)\",\"D5_EMPPOC_ADDR1\":\"5775 MOREHOUSE DRIVE\",\"D7_EMPPOC_CITY\":\"SAN DIEGO\",\"D8_EMPPOC_STATE\":\"CA\",\"D9_EMPPOC_POSTCODE\":\"92121\",\"D10_EMPPOC_COUNTRY\":\"UNITED STATES OF AMERICA\",\"D12_EMPPOC_PHONE\":\"8588453309\",\"D14_EMPPOC_EMAIL\":\"QCPERMDOL@QUALCOMM.COM\",\"E1_ATTY_REPRESENT\":\"Y\",\"E2_ATTY_LASTNAME\":\"FAURE WENGER\",\"E3_ATTY_FIRSTNAME\":\"KARINE\",\"E4_ATTY_MIDDLENAME\":\"ISABELLE\",\"E5_ATTY_ADDR1\":\"P.O. BOX 910129\",\"E7_ATTY_CITY\":\"SAN DIEGO\",\"E8_ATTY_STATE\":\"CA\",\"E9_ATTY_POSTCODE\":\"92191\",\"E10_ATTY_COUNTRY\":\"UNITED STATES OF AMERICA\",\"E12_ATTY_PHONE\":\"8587931600\",\"E14_ATTY_EMAIL\":\"LDALIDA@FRAGOMEN.COM\",\"E15_ATTY_BIZNAME\":\"FRAGOMEN, DEL REY, BERNSEN AND LOEWY LLP\",\"E16_ATTY_FEIN\":\"132726464\",\"E17_ATTY_STATEBARNO\":\"201072\",\"E18_ATTY_STATEHIGHCT\":\"CA\",\"E19_ATTY_NAMEHIGHCT\":\"SUPREME COURT\",\"G1_ATTEST_ACTIONS\":\"Y\",\"H1_ATTEST_H1BDEPENDENT\":\"Y\",\"H2_ATTEST_WILLFULVIOLATOR\":\"N\",\"H3_ATTEST_LIMITATION\":\"Y\",\"H4_ATTEST_IDEXEMPTION\":\"WAGE\",\"I1_ATTEST_PUBDISCLOSURE\":\"Y\",\"J1_DECLARE_LASTNAME\":\"WIGHT\",\"J2_DECLARE_FIRSTNAME\":\"DANIEL\",\"J3_DECLARE_MIDNAME\":\"T\",\"J4_DECLARE_TITLE\":\"MANAGER, HR (IMMIGRATION)\",\"L_CASE_DETERM_DATE\":\"26-DEC-18\",\"CASE_SUBMIT\":\"18-DEC-18\",\"LASTMOD_DATE\":\"26-DEC-18\",\"SUBMIT_IPADDRESS\":\"38.84.52.10\",\"RECEIPT_NUMBER\":\"WAC1909350472\",\"SCORE_RUN_DATE\":\"27-FEB-19 12:46:25\"},\"DOL_ETA_WORKSITES\":[{\"CASE_NUMBER\":\"I-200-18351-782378\",\"LASTMOD_DATE\":\"26-DEC-18\",\"SEQ\":\"0\",\"FA1_WRKRPOS\":\"50\",\"FA2_SECONDARY\":\"N\",\"FA3_SECBUSINESS\":\"\",\"FA4_ADDR1\":\"5775 Morehouse Drive\",\"FA5_ADDR2\":\"\",\"FA6_CITY\":\"San Diego\",\"FA7_COUNTY\":\"San Diego\",\"FA8_STATE\":\"CA\",\"FA9_POSTALCODE\":\"92121\",\"FA10_WAGE_FROM\":\"117083\",\"FA10_WAGE_TO\":\"163900\",\"FA10A_WAGE_PER\":\"Year\",\"FA11_PREVWAGE\":\"117083\",\"FA11A_PREVWAGE_PER\":\"Year\",\"FA12A_DOLPWD\":\"N\",\"FA12A_PWNUMBER\":\"\",\"FA13_OESPW\":\"Y\",\"FA13A_OESWAGELEVEL\":\"3\",\"FA13B_OESWAGEYEAR\":\"2018\",\"F14_OTHERPW\":\"N\",\"FA14A_OTHERWAGESOURCE\":\"\",\"FA14B_OTHERWAGEYEAR\":\"\",\"FA14C_OTHERSURVEYPUB\":\"\",\"FA14D_OTHERSURVEYTITLE\":\"\",\"PWSOURCE_WRK\":\"PW from OES Program\",\"PWDETAIL_WRK\":\"Wage Level: 3, Source Year: 2018\"}],\"DOL_ETA_EMPLOYERS\":{\"RESPONSECODE\":\"NO_DATA\",\"RESPONSEMESSAGE\":\"No data available for this case.\",\"DOLCASENUMBER\":\"I20018351782378\",\"PETITIONID\":\"147973205\"},\"DOL_ETA_EDUCATION\":{\"RESPONSECODE\":\"NO_DATA\",\"RESPONSEMESSAGE\":\"No data available for this case.\",\"DOLCASENUMBER\":\"I20018351782378\",\"PETITIONID\":\"147973205\"}} }"
  }
}