{
  "GetDolDetailByPetitionIDResponse":{
    "SourceSystemID":"VIBEService",
    "SourceTransactionID":"27b87041-ba9e-4244-92f5-feb0608b3279",
    "ServiceRequestTimestamp":"2019-02-27T13:23:56.336-06:00",
    "ServiceResponseTimestamp":"2019-02-27T13:23:56.373-06:00",
    "AuditCorrelationID":"27b87041-ba9e-4244-92f5-feb0608b3279",
    "DolEtaFormType":"9035",
    "DolEtaFormVersion":"2",
	
    "DolJsonData":"{ \"DOL_DATA\": {\"DOL_ETA_CLOB\":{\"CASE_NUMBER\":\"I-200-18339-273656\",\"CASE_STATUS\":\"CERTIFIED-WITHDRAWN\",\"CASE_CERTFROM\":\"13-DEC-18\",\"CASE_CERTTO\":\"12-DEC-20\",\"A1_VISA_CLASS\":\"H-1B\",\"B1_TEMPNEED_JOBTITLE\":\"MARKETING STRATEGIST\",\"B2_TEMPNEED_SOCCODE\":\"13-1161\",\"B3_TEMPNEED_OCCTITLE\":\"MARKET RESEARCH ANALYSTS AND MARKETING SPECIALISTS\",\"B4_TEMPNEED_FULLTIME\":\"Y\",\"B5_TEMPNEED_START\":\"13-DEC-18\",\"B6_TEMPNEED_END\":\"12-DEC-20\",\"B7_TEMPNEED_POSITIONS\":\"1\",\"B7A_TEMPNEED_NEWEMP\":\"1\",\"B7B_TEMPNEED_CONTEMP\":\"0\",\"B7C_TEMPNEED_CHGAPPEMP\":\"0\",\"B7D_TEMPNEED_CONCUREMP\":\"0\",\"B7E_TEMPNEED_CHGINEMPLOYER\":\"0\",\"B7F_TEMPNEED_AMENDEDPETITION\":\"0\",\"C1_EMP_BUSINESS_NAME\":\"BECROWNED LLC\",\"C3_EMP_ADDR1\":\"2190 CANARSIE ROAD\",\"C5_EMP_CITY\":\"BROOKLYN\",\"C6_EMP_STATE\":\"NY\",\"C7_EMP_POSTCODE\":\"11236\",\"C8_EMP_COUNTRY\":\"UNITED STATES OF AMERICA\",\"C10_EMP_PHONE\":\"2129209016\",\"C12_EMP_FEIN\":\"473251663\",\"C13_EMP_NAICS\":\"541613\",\"NAICS_TEXT\":\"Marketing Consulting Services\",\"D1_EMPPOC_LASTNAME\":\"SMITH\",\"D2_EMPPOC_FIRSTNAME\":\"CHRISTOPHER\",\"D4_EMPPOC_JOBTITLE\":\"CO-FOUNDER AND MARKETING DIRECTOR\",\"D5_EMPPOC_ADDR1\":\"2190 CANARSIE ROAD\",\"D7_EMPPOC_CITY\":\"BROOKLYN\",\"D8_EMPPOC_STATE\":\"NY\",\"D9_EMPPOC_POSTCODE\":\"11236\",\"D10_EMPPOC_COUNTRY\":\"UNITED STATES OF AMERICA\",\"D12_EMPPOC_PHONE\":\"2129209016\",\"D14_EMPPOC_EMAIL\":\"INFO@BECROWNED.COM\",\"E1_ATTY_REPRESENT\":\"Y\",\"E2_ATTY_LASTNAME\":\"SHANNON\",\"E3_ATTY_FIRSTNAME\":\"LORCAN\",\"E4_ATTY_MIDDLENAME\":\"MICHAEL\",\"E5_ATTY_ADDR1\":\"1450 BROADWAY\",\"E6_ATTY_ADDR2\":\"39TH FLOOR\",\"E7_ATTY_CITY\":\"NEW YORK\",\"E8_ATTY_STATE\":\"NY\",\"E9_ATTY_POSTCODE\":\"10018\",\"E10_ATTY_COUNTRY\":\"UNITED STATES OF AMERICA\",\"E12_ATTY_PHONE\":\"6462377262\",\"E13_ATTY_PHONEEXT\":\"118\",\"E14_ATTY_EMAIL\":\"LORCAN.SHANNON@YAHOO.COM\",\"E15_ATTY_BIZNAME\":\"LAW OFFICES OF LORCAN SHANNON\",\"E16_ATTY_FEIN\":\"473135646\",\"E17_ATTY_STATEBARNO\":\"4755401\",\"E18_ATTY_STATEHIGHCT\":\"NY\",\"E19_ATTY_NAMEHIGHCT\":\"COURT OF APPEALS\",\"G1_ATTEST_ACTIONS\":\"Y\",\"H1_ATTEST_H1BDEPENDENT\":\"N\",\"H2_ATTEST_WILLFULVIOLATOR\":\"N\",\"H6_ATTEST_DISPLACEMENT\":\"Y\",\"I1_ATTEST_PUBDISCLOSURE\":\"Y\",\"J1_DECLARE_LASTNAME\":\"BARNETT\",\"J2_DECLARE_FIRSTNAME\":\"SHARISSA\",\"J4_DECLARE_TITLE\":\"CO-FOUNDER AND CREATIVE DIRECTOR\",\"L_CASE_DETERM_DATE\":\"13-DEC-18\",\"CASE_SUBMIT\":\"07-DEC-18\",\"LASTMOD_DATE\":\"13-DEC-18\",\"SUBMIT_IPADDRESS\":\"38.88.186.18\",\"RECEIPT_NUMBER\":\"EAC1907051734\",\"SCORE_RUN_DATE\":\"27-FEB-19 12:59:54\"},\"DOL_ETA_WORKSITES\":[{\"CASE_NUMBER\":\"I-200-18339-273656\",\"LASTMOD_DATE\":\"13-DEC-18\",\"SEQ\":\"3\",\"FA1_WRKRPOS\":\"1\",\"FA2_SECONDARY\":\"N\",\"FA3_SECBUSINESS\":\"\",\"FA4_ADDR1\":\"Shadyside Dermatology, Shadyside Medical Center\",\"FA5_ADDR2\":\"5200 Centre Avenue, #303\",\"FA6_CITY\":\"Pittsburgh\",\"FA7_COUNTY\":\"Allegheny\",\"FA8_STATE\":\"PA\",\"FA9_POSTALCODE\":\"15232\",\"FA10_WAGE_FROM\":\"61441.54\",\"FA10_WAGE_TO\":\"61441.54\",\"FA10A_WAGE_PER\":\"Year\",\"FA11_PREVWAGE\":\"60152\",\"FA11A_PREVWAGE_PER\":\"Year\",\"FA12A_DOLPWD\":\"N\",\"FA12A_PWNUMBER\":\"\",\"FA13_OESPW\":\"N\",\"FA13A_OESWAGELEVEL\":\"\",\"FA13B_OESWAGEYEAR\":\"\",\"F14_OTHERPW\":\"Y\",\"FA14A_OTHERWAGESOURCE\":\"Other\",\"FA14B_OTHERWAGEYEAR\":\"2018\",\"FA14C_OTHERSURVEYPUB\":\"Association of American Medical Colleges (AAMC)\",\"FA14D_OTHERSURVEYTITLE\":\"AAMC Survey of Resident/Fellow Stipends and Benefits, UPMC Special Report\",\"PWSOURCE_WRK\":\"Independent Authoritative Source (not OES)\",\"PWDETAIL_WRK\":\"Source Type: Other, Source Year: 2018, Publisher: Association of American Medical Colleges (AAMC), Title: AAMC Survey of Resident/Fellow Stipends and Benefits, UPMC Special Report\"},{\"CASE_NUMBER\":\"I-200-18339-273656\",\"LASTMOD_DATE\":\"13-DEC-18\",\"SEQ\":\"6\",\"FA1_WRKRPOS\":\"1\",\"FA2_SECONDARY\":\"N\",\"FA3_SECBUSINESS\":\"\",\"FA4_ADDR1\":\"UPMC Dermatopathology - Medical Arts Building\",\"FA5_ADDR2\":\"3708 Fifth Avenue, 5th Floor\",\"FA6_CITY\":\"Pittsburgh\",\"FA7_COUNTY\":\"Allegheny\",\"FA8_STATE\":\"PA\",\"FA9_POSTALCODE\":\"15213\",\"FA10_WAGE_FROM\":\"61441.54\",\"FA10_WAGE_TO\":\"61441.54\",\"FA10A_WAGE_PER\":\"Year\",\"FA11_PREVWAGE\":\"60152\",\"FA11A_PREVWAGE_PER\":\"Year\",\"FA12A_DOLPWD\":\"N\",\"FA12A_PWNUMBER\":\"\",\"FA13_OESPW\":\"N\",\"FA13A_OESWAGELEVEL\":\"\",\"FA13B_OESWAGEYEAR\":\"\",\"F14_OTHERPW\":\"Y\",\"FA14A_OTHERWAGESOURCE\":\"Other\",\"FA14B_OTHERWAGEYEAR\":\"2018\",\"FA14C_OTHERSURVEYPUB\":\"Association of American Medical Colleges (AAMC)\",\"FA14D_OTHERSURVEYTITLE\":\"AAMC Survey of Resident/Fellow Stipends and Benefits, UPMC Special Report\",\"PWSOURCE_WRK\":\"Independent Authoritative Source (not OES)\",\"PWDETAIL_WRK\":\"Source Type: Other, Source Year: 2018, Publisher: Association of American Medical Colleges (AAMC), Title: AAMC Survey of Resident/Fellow Stipends and Benefits, UPMC Special Report\"},{\"CASE_NUMBER\":\"I-200-18339-273656\",\"LASTMOD_DATE\":\"13-DEC-18\",\"SEQ\":\"8\",\"FA1_WRKRPOS\":\"1\",\"FA2_SECONDARY\":\"N\",\"FA3_SECBUSINESS\":\"\",\"FA4_ADDR1\":\"UPMC Dermatology Wexford - CS&SHC\",\"FA5_ADDR2\":\"Blaymore II, Suite 103, 1603 Carmody Court\",\"FA6_CITY\":\"Sewickley\",\"FA7_COUNTY\":\"Allegheny\",\"FA8_STATE\":\"PA\",\"FA9_POSTALCODE\":\"15143\",\"FA10_WAGE_FROM\":\"61441.54\",\"FA10_WAGE_TO\":\"61441.54\",\"FA10A_WAGE_PER\":\"Year\",\"FA11_PREVWAGE\":\"60152\",\"FA11A_PREVWAGE_PER\":\"Year\",\"FA12A_DOLPWD\":\"N\",\"FA12A_PWNUMBER\":\"\",\"FA13_OESPW\":\"N\",\"FA13A_OESWAGELEVEL\":\"\",\"FA13B_OESWAGEYEAR\":\"\",\"F14_OTHERPW\":\"Y\",\"FA14A_OTHERWAGESOURCE\":\"Other\",\"FA14B_OTHERWAGEYEAR\":\"2018\",\"FA14C_OTHERSURVEYPUB\":\"Association of American Medical Colleges (AAMC)\",\"FA14D_OTHERSURVEYTITLE\":\"AAMC Survey of Resident/Fellow Stipends and Benefits, UPMC Special Report\",\"PWSOURCE_WRK\":\"Independent Authoritative Source (not OES)\",\"PWDETAIL_WRK\":\"Source Type: Other, Source Year: 2018, Publisher: Association of American Medical Colleges (AAMC), Title: AAMC Survey of Resident/Fellow Stipends and Benefits, UPMC Special Report\"},{\"CASE_NUMBER\":\"I-200-18339-273656\",\"LASTMOD_DATE\":\"13-DEC-18\",\"SEQ\":\"9\",\"FA1_WRKRPOS\":\"1\",\"FA2_SECONDARY\":\"N\",\"FA3_SECBUSINESS\":\"\",\"FA4_ADDR1\":\"UPMC Dermatology Shadyside - CS&SHC\",\"FA5_ADDR2\":\"5401 Walnut Street, Suite 300\",\"FA6_CITY\":\"Pittsburgh\",\"FA7_COUNTY\":\"Allegheny\",\"FA8_STATE\":\"PA\",\"FA9_POSTALCODE\":\"15232\",\"FA10_WAGE_FROM\":\"61441.54\",\"FA10_WAGE_TO\":\"61441.54\",\"FA10A_WAGE_PER\":\"Year\",\"FA11_PREVWAGE\":\"60152\",\"FA11A_PREVWAGE_PER\":\"Year\",\"FA12A_DOLPWD\":\"N\",\"FA12A_PWNUMBER\":\"\",\"FA13_OESPW\":\"N\",\"FA13A_OESWAGELEVEL\":\"\",\"FA13B_OESWAGEYEAR\":\"\",\"F14_OTHERPW\":\"Y\",\"FA14A_OTHERWAGESOURCE\":\"Other\",\"FA14B_OTHERWAGEYEAR\":\"2018\",\"FA14C_OTHERSURVEYPUB\":\"Association of American Medical Colleges (AAMC)\",\"FA14D_OTHERSURVEYTITLE\":\"AAMC Survey of Resident/Fellow Stipends and Benefits, UPMC Special Report\",\"PWSOURCE_WRK\":\"Independent Authoritative Source (not OES)\",\"PWDETAIL_WRK\":\"Source Type: Other, Source Year: 2018, Publisher: Association of American Medical Colleges (AAMC), Title: AAMC Survey of Resident/Fellow Stipends and Benefits, UPMC Special Report\"},{\"CASE_NUMBER\":\"I-200-18339-273656\",\"LASTMOD_DATE\":\"13-DEC-18\",\"SEQ\":\"4\",\"FA1_WRKRPOS\":\"1\",\"FA2_SECONDARY\":\"N\",\"FA3_SECBUSINESS\":\"\",\"FA4_ADDR1\":\"UPMC Dermatology - North Hills\",\"FA5_ADDR2\":\"Brooktree Office Park, Ste 200, 9000 Brooktree Rd\",\"FA6_CITY\":\"Wexford\",\"FA7_COUNTY\":\"Allegheny\",\"FA8_STATE\":\"PA\",\"FA9_POSTALCODE\":\"15090\",\"FA10_WAGE_FROM\":\"61441.54\",\"FA10_WAGE_TO\":\"61441.54\",\"FA10A_WAGE_PER\":\"Year\",\"FA11_PREVWAGE\":\"60152\",\"FA11A_PREVWAGE_PER\":\"Year\",\"FA12A_DOLPWD\":\"N\",\"FA12A_PWNUMBER\":\"\",\"FA13_OESPW\":\"N\",\"FA13A_OESWAGELEVEL\":\"\",\"FA13B_OESWAGEYEAR\":\"\",\"F14_OTHERPW\":\"Y\",\"FA14A_OTHERWAGESOURCE\":\"Other\",\"FA14B_OTHERWAGEYEAR\":\"2018\",\"FA14C_OTHERSURVEYPUB\":\"Association of American Medical Colleges (AAMC)\",\"FA14D_OTHERSURVEYTITLE\":\"AAMC Survey of Resident/Fellow Stipends and Benefits, UPMC Special Report\",\"PWSOURCE_WRK\":\"Independent Authoritative Source (not OES)\",\"PWDETAIL_WRK\":\"Source Type: Other, Source Year: 2018, Publisher: Association of American Medical Colleges (AAMC), Title: AAMC Survey of Resident/Fellow Stipends and Benefits, UPMC Special Report\"},{\"CASE_NUMBER\":\"I-200-18339-273656\",\"LASTMOD_DATE\":\"13-DEC-18\",\"SEQ\":\"5\",\"FA1_WRKRPOS\":\"1\",\"FA2_SECONDARY\":\"N\",\"FA3_SECBUSINESS\":\"\",\"FA4_ADDR1\":\"UPMC Dermatology - Wexford Children's Center\",\"FA5_ADDR2\":\"11279 Perry Highway\",\"FA6_CITY\":\"Wexford\",\"FA7_COUNTY\":\"Allegheny\",\"FA8_STATE\":\"PA\",\"FA9_POSTALCODE\":\"15090\",\"FA10_WAGE_FROM\":\"61441.54\",\"FA10_WAGE_TO\":\"61441.54\",\"FA10A_WAGE_PER\":\"Year\",\"FA11_PREVWAGE\":\"60152\",\"FA11A_PREVWAGE_PER\":\"Year\",\"FA12A_DOLPWD\":\"N\",\"FA12A_PWNUMBER\":\"\",\"FA13_OESPW\":\"N\",\"FA13A_OESWAGELEVEL\":\"\",\"FA13B_OESWAGEYEAR\":\"\",\"F14_OTHERPW\":\"Y\",\"FA14A_OTHERWAGESOURCE\":\"Other\",\"FA14B_OTHERWAGEYEAR\":\"2018\",\"FA14C_OTHERSURVEYPUB\":\"Association of American Medical Colleges (AAMC)\",\"FA14D_OTHERSURVEYTITLE\":\"AAMC Survey of Resident/Fellow Stipends and Benefits, UPMC Special Report\",\"PWSOURCE_WRK\":\"Independent Authoritative Source (not OES)\",\"PWDETAIL_WRK\":\"Source Type: Other, Source Year: 2018, Publisher: Association of American Medical Colleges (AAMC), Title: AAMC Survey of Resident/Fellow Stipends and Benefits, UPMC Special Report\"},{\"CASE_NUMBER\":\"I-200-18339-273656\",\"LASTMOD_DATE\":\"13-DEC-18\",\"SEQ\":\"7\",\"FA1_WRKRPOS\":\"1\",\"FA2_SECONDARY\":\"N\",\"FA3_SECBUSINESS\":\"\",\"FA4_ADDR1\":\"UPMC St. Margaret Dermatology\",\"FA5_ADDR2\":\"2585 Freeport Road, Suite 204\",\"FA6_CITY\":\"Pittsburgh\",\"FA7_COUNTY\":\"Allegheny\",\"FA8_STATE\":\"PA\",\"FA9_POSTALCODE\":\"15238\",\"FA10_WAGE_FROM\":\"61441.54\",\"FA10_WAGE_TO\":\"61441.54\",\"FA10A_WAGE_PER\":\"Year\",\"FA11_PREVWAGE\":\"60152\",\"FA11A_PREVWAGE_PER\":\"Year\",\"FA12A_DOLPWD\":\"N\",\"FA12A_PWNUMBER\":\"\",\"FA13_OESPW\":\"N\",\"FA13A_OESWAGELEVEL\":\"\",\"FA13B_OESWAGEYEAR\":\"\",\"F14_OTHERPW\":\"Y\",\"FA14A_OTHERWAGESOURCE\":\"Other\",\"FA14B_OTHERWAGEYEAR\":\"2018\",\"FA14C_OTHERSURVEYPUB\":\"Association of American Medical Colleges (AAMC)\",\"FA14D_OTHERSURVEYTITLE\":\"AAMC Survey of Resident/Fellow Stipends and Benefits, UPMC Special Report\",\"PWSOURCE_WRK\":\"Independent Authoritative Source (not OES)\",\"PWDETAIL_WRK\":\"Source Type: Other, Source Year: 2018, Publisher: Association of American Medical Colleges (AAMC), Title: AAMC Survey of Resident/Fellow Stipends and Benefits, UPMC Special Report\"},{\"CASE_NUMBER\":\"I-200-18339-273656\",\"LASTMOD_DATE\":\"13-DEC-18\",\"SEQ\":\"0\",\"FA1_WRKRPOS\":\"1\",\"FA2_SECONDARY\":\"N\",\"FA3_SECBUSINESS\":\"\",\"FA4_ADDR1\":\"2190 CANARSIE ROAD\",\"FA5_ADDR2\":\"\",\"FA6_CITY\":\"BROOKLYN\",\"FA7_COUNTY\":\"KINGS\",\"FA8_STATE\":\"NY\",\"FA9_POSTALCODE\":\"11236\",\"FA10_WAGE_FROM\":\"50\",\"FA10_WAGE_TO\":\"50\",\"FA10A_WAGE_PER\":\"Hour\",\"FA11_PREVWAGE\":\"46.91\",\"FA11A_PREVWAGE_PER\":\"Hour\",\"FA12A_DOLPWD\":\"N\",\"FA12A_PWNUMBER\":\"\",\"FA13_OESPW\":\"Y\",\"FA13A_OESWAGELEVEL\":\"4\",\"FA13B_OESWAGEYEAR\":\"2018\",\"F14_OTHERPW\":\"N\",\"FA14A_OTHERWAGESOURCE\":\"\",\"FA14B_OTHERWAGEYEAR\":\"\",\"FA14C_OTHERSURVEYPUB\":\"\",\"FA14D_OTHERSURVEYTITLE\":\"\",\"PWSOURCE_WRK\":\"PW from OES Program\",\"PWDETAIL_WRK\":\"Wage Level: 4, Source Year: 2018\"},{\"CASE_NUMBER\":\"I-200-18339-273656\",\"LASTMOD_DATE\":\"13-DEC-18\",\"SEQ\":\"1\",\"FA1_WRKRPOS\":\"1\",\"FA2_SECONDARY\":\"N\",\"FA3_SECBUSINESS\":\"\",\"FA4_ADDR1\":\"Western Psychiatric Institute and Clinic of UPMC\",\"FA5_ADDR2\":\"3811 O'Hara Street\",\"FA6_CITY\":\"Pittsburgh\",\"FA7_COUNTY\":\"Allegheny\",\"FA8_STATE\":\"PA\",\"FA9_POSTALCODE\":\"15213\",\"FA10_WAGE_FROM\":\"61441.54\",\"FA10_WAGE_TO\":\"61441.54\",\"FA10A_WAGE_PER\":\"Year\",\"FA11_PREVWAGE\":\"60152\",\"FA11A_PREVWAGE_PER\":\"Year\",\"FA12A_DOLPWD\":\"N\",\"FA12A_PWNUMBER\":\"\",\"FA13_OESPW\":\"N\",\"FA13A_OESWAGELEVEL\":\"\",\"FA13B_OESWAGEYEAR\":\"\",\"F14_OTHERPW\":\"Y\",\"FA14A_OTHERWAGESOURCE\":\"Other\",\"FA14B_OTHERWAGEYEAR\":\"2018\",\"FA14C_OTHERSURVEYPUB\":\"Association of American Medical Colleges (AAMC)\",\"FA14D_OTHERSURVEYTITLE\":\"AAMC Survey of Resident/Fellow Stipends and Benefits, UPMC Special Report\",\"PWSOURCE_WRK\":\"Independent Authoritative Source (not OES)\",\"PWDETAIL_WRK\":\"Source Type: Other, Source Year: 2018, Publisher: Association of American Medical Colleges (AAMC), Title: AAMC Survey of Resident/Fellow Stipends and Benefits, UPMC Special Report\"},{\"CASE_NUMBER\":\"I-200-18339-273656\",\"LASTMOD_DATE\":\"13-DEC-18\",\"SEQ\":\"2\",\"FA1_WRKRPOS\":\"1\",\"FA2_SECONDARY\":\"N\",\"FA3_SECBUSINESS\":\"\",\"FA4_ADDR1\":\"UPMC Falk Dermatology\",\"FA5_ADDR2\":\"3601 Fifth Avenue, Suite 5A\",\"FA6_CITY\":\"Pittsburgh\",\"FA7_COUNTY\":\"Allegheny\",\"FA8_STATE\":\"PA\",\"FA9_POSTALCODE\":\"15213\",\"FA10_WAGE_FROM\":\"61441.54\",\"FA10_WAGE_TO\":\"61441.54\",\"FA10A_WAGE_PER\":\"Year\",\"FA11_PREVWAGE\":\"60152\",\"FA11A_PREVWAGE_PER\":\"Year\",\"FA12A_DOLPWD\":\"N\",\"FA12A_PWNUMBER\":\"\",\"FA13_OESPW\":\"N\",\"FA13A_OESWAGELEVEL\":\"\",\"FA13B_OESWAGEYEAR\":\"\",\"F14_OTHERPW\":\"Y\",\"FA14A_OTHERWAGESOURCE\":\"Other\",\"FA14B_OTHERWAGEYEAR\":\"2018\",\"FA14C_OTHERSURVEYPUB\":\"Association of American Medical Colleges (AAMC)\",\"FA14D_OTHERSURVEYTITLE\":\"AAMC Survey of Resident/Fellow Stipends and Benefits, UPMC Special Report\",\"PWSOURCE_WRK\":\"Independent Authoritative Source (not OES)\",\"PWDETAIL_WRK\":\"Source Type: Other, Source Year: 2018, Publisher: Association of American Medical Colleges (AAMC), Title: AAMC Survey of Resident/Fellow Stipends and Benefits, UPMC Special Report\"}],\"DOL_ETA_EMPLOYERS\":{\"RESPONSECODE\":\"NO_DATA\",\"RESPONSEMESSAGE\":\"No data available for this case.\",\"DOLCASENUMBER\":\"I20018339273656\",\"PETITIONID\":\"147973206\"},\"DOL_ETA_EDUCATION\":[{\"CASE_NUMBER\":\"I-200-18339-273656\",\"LASTMOD_DATE\":\"13-DEC-18\",\"SEQ\":\"0\",\"HA1_NUMWORKERS\":\"1\",\"HA2_INSTITUTION\":\"TRADE SCHOOL OF THE AMERICAS\",\"HA3_STUDYFIELD\":\"MIG - TIG WELDING\",\"HA4_DEGREEDATE\":\"30-JUN-16\"},{\"CASE_NUMBER\":\"I-200-18339-273656\",\"LASTMOD_DATE\":\"13-DEC-18\",\"SEQ\":\"1\",\"HA1_NUMWORKERS\":\"1\",\"HA2_INSTITUTION\":\"UNIV OF THE DISTRICT OF COLUMBIA\",\"HA3_STUDYFIELD\":\"POLITICAL SCIENCE\",\"HA4_DEGREEDATE\":\"31-JUL-17\"},{\"CASE_NUMBER\":\"I-200-18339-273656\",\"LASTMOD_DATE\":\"13-DEC-18\",\"SEQ\":\"2\",\"HA1_NUMWORKERS\":\"1\",\"HA2_INSTITUTION\":\"GEORGE MASON UNIVERSITY\",\"HA3_STUDYFIELD\":\"BUSINESS ETHICS\",\"HA4_DEGREEDATE\":\"31-AUG-18\"}]} }"
  }
}