{
  "GetDolDetailByEtaCaseNumberResponse": {
    "SourceSystemID": "VIBEService",
    "SourceTransactionID": "7bb64575-b26b-4c02-86ee-c933e397af96",
    "ServiceRequestTimestamp": "2019-07-25T09:08:43.593-05:00",
    "ServiceResponseTimestamp": "2019-07-25T09:08:43.665-05:00",
    "AuditCorrelationID": "7bb64575-b26b-4c02-86ee-c933e397af96",
    "ResponseStatusMessage": {
      "StatusCode": "1",
      "Status": "SUCCESS"
    },
    "DolEtaFormType": "9142B",
    "DolEtaFormVersion": "2",
    "DolJsonData": "{ \"DOL_DATA\" : { \"DOL_ETA_CLOB\" : {\"CASE_NUMBER\":\"H-400-19200-449877\",\"CASE_STATUS\":\"Determination Issued - Certification\",\"CASE_TYPE\":\"Temporary Labor Certification\",\"VISA_TYPE\":\"H-2B\",\"CASE_DETERMIN_DATE\":\"19-JUL-19 08.57.15.700000 PM\",\"CASE_VALID_FROM\":\"11-OCT-19\",\"CASE_VALID_TO\":\"16-JUL-20\",\"APP_IS_CAP_EXEMPT\":\"1\",\"TEMPNEED_JOBTITLE\":\"Test Subject for Experimentation by Drs. Tim and Rasheed\",\"TEMPNEED_SOC\":\"29-1131.00\",\"TEMPNEED_SOC_TITLE\":\"Veterinarians\",\"TEMPNEED_WKR_POS\":\"3\",\"TEMPNEED_START\":\"11-OCT-19\",\"TEMPNEED_END\":\"16-JUL-20\",\"TEMPNEED_NATURE\":\"Seasonal\",\"TEMPNEED_DESCRIPTION\":\"Statement of Temp Need TEST\",\"EMP_BUSINESS_NAME\":\"Landscapes Unlimited LLC\",\"EMP_TRADE_NAME\":\"Landscapes Unlimited LLC\",\"EMP_ADDR1\":\"1201 ARIES DR, LINCOLN, NE 68512\",\"EMP_ADDR2\":\"Suite 203\",\"EMP_CITY\":\"Clifton\",\"EMP_STATE\":\"DE\",\"EMP_POSTCODE\":\"29830\",\"EMP_COUNTRY\":\"UNITED STATES OF AMERICA\",\"EMP_PROVINCE\":\"ProvinceTEST jejwejfjjffj\",\"EMP_PHONE\":\"17038289292\",\"EMP_FEIN\":\"337882993\",\"EMP_NAICS\":\"335912\",\"EMPPOC_LASTNAME\":\"ContactLastttttieieiifmjfjfjfjttttt\",\"EMPPOC_FIRSTNAME\":\"ContactLastttttieieiifmjfjfjfjtssss\",\"EMPPOC_MIDDLENAME\":\"ContactLastttttieieiifmjfjfjfjtmmmm\",\"EMPPOC_JOBTITLE\":\"JobTitleTestttttttttttttttttttttttttttttttjsdfjnsdjnsdfjnjnd\",\"EMPPOC_ADDR1\":\"24324 point of contact for profile 1282838338383838383838384\",\"EMPPOC_ADDR2\":\"24324 point of contact for profile 1282838338383838383838999\",\"EMPPOC_CITY\":\"KKKK cityyyyyyyydjjdjdyyyyyyyymmmmm\",\"EMPPOC_STATE\":\"TN\",\"EMPPOC_POSTCODE\":\"465656\",\"EMPPOC_COUNTRY\":\"UNITED STATES OF AMERICA\",\"EMPPOC_PROVINCE\":\"ProvinceTEST2393939393993\",\"EMPPOC_PHONE\":\"+13434343434\",\"EMPPOC_EMAIL\":\"kotadiya_muneera@bah.com\",\"ATTY_REPRESENT_TYPE\":\"Attorney\",\"ATTY_LASTNAME\":\"AttorneyLast\",\"ATTY_FIRSTNAME\":\"AttorneyFirst\",\"ATTY_ADDR1\":\"123 New York Ave\",\"ATTY_CITY\":\"Nutley\",\"ATTY_STATE\":\"AK\",\"ATTY_POSTCODE\":\"22993\",\"ATTY_COUNTRY\":\"UNITED STATES OF AMERICA\",\"ATTY_PHONE\":\"+17032889292\",\"ATTY_EMAIL\":\"sharma_chirag@bah.com\",\"ATTY_BIZNAME\":\"LFBNOne\",\"ATTY_FEIN\":\"229338447\",\"ATTY_STATEBARNO\":\"338227881\",\"ATTY_STATEHIGHCT\":\"AK\",\"ATTY_NAMEHIGHCT\":\"AK\",\"SWA_JOBORDER_ATTACHED\":\"1\",\"SWA_JOBORDER_STATENAME\":\"AZ\",\"SWA_JOBORDER_SUBMITTED\":\"20-JUL-19 12.00.00.000000 AM\",\"JOB_DUTIES\":\"Job Duties TEST\",\"JOB_HOURS_TOTAL\":\"40\",\"JOB_HOURS_SUN\":\"0\",\"JOB_HOURS_MON\":\"8\",\"JOB_HOURS_TUES\":\"8\",\"JOB_HOURS_WED\":\"8\",\"JOB_HOURS_THU\":\"8\",\"JOB_HOURS_FRI\":\"8\",\"JOB_HOURS_SAT\":\"0\",\"JOB_HOUR_START\":\"9:00\",\"JOB_STARTPERIOD\":\"A.M.\",\"JOB_HOUR_END\":\"5:00\",\"JOB_ENDPERIOD\":\"P.M.\",\"JOB_MINEDU\":\"Bachelor's\",\"JOB_MINTRAININGMONTHS\":\"12\",\"JOB_MINEXPMONTHS\":\"24\",\"JOB_SUPERVISOR\":\"1\",\"JOB_NUMBER_SUP\":\"4\",\"JOB_MINSPECIALREQ\":\"Special Requirements TEST\",\"JOB_ADDR1\":\"456 Midtown Street\",\"JOB_CITY\":\"Centreville\",\"JOB_STATE\":\"CO\",\"JOB_POSTCODE\":\"22838\",\"JOB_COUNTY\":\"KIT CARSON\",\"JOB_MSA\":\"EASTERN AND SOUTHERN COLORADO NONMETROPOLITAN AREA\",\"WAGE_FROM\":\"60\",\"WAGE_TO\":\"70\",\"WAGE_OTFROM\":\"90\",\"WAGE_OT_TO\":\"105\",\"WAGE_PER\":\"Hour\",\"WAGE_ADDITIONAL\":\"Additional Conditions TEST\",\"JOB_PWD_NUMBER\":\"P-400-19200-449871\",\"APP_IS_H2B_PWD_ATTACHED\":\"X\",\"EMP_JOIN_APDX_A_ATTACHED\":\"1\",\"REC_IS_DAILY_TRANSPORT\":\"1\",\"REC_IS_OT_AVAILABLE\":\"1\",\"REC_IS_TRAINING_AVAILABLE\":\"1\",\"REC_IS_TOOLS_EQUIP\":\"1\",\"REC_IS_LODGING\":\"1\",\"REC_PAY_DEDUCTIONS\":\"Deduction - $500\",\"REC_APPLY_PHONE\":\"+7039892882\",\"REC_APPLY_EMAIL\":\"sharma_chirag@bah.com\",\"REC_APPLY_URL\":\"N/A\",\"EMP_TYPE\":\"Job Contractor - Joint Employer\",\"EMP_MSP_ATTACHED\":\"Y\",\"EMPCLNT_APDX_D_ATTACHED\":\"1\",\"EMP_IS_CONTRACT_ATTACHED\":\"1\",\"EMPFLREC_ENGAGE_H2B\":\"1\",\"EMPFLREC_ENGAGE_H2B_ATTACHED\":\"Y\",\"EMPFLREC_APDX_C_ATTACHED\":\"Y\",\"DECLARE_IS_CONFM_APDX_B\":\"1\",\"DECLARE_CONFM_EMP\":\"Y\",\"PREP_LASTNAME\":\"PreparerLast\",\"PREP_FIRSTNAME\":\"PreparerFirst\",\"PREP_BIZNAME\":\"LFBN\",\"PREP_EMAIL\":\"sharma_chirag@bah.com\",\"APDX_D_LEGAL_NAME\":\"LegalBusinessNameTest\",\"APDX_D_TRADE_NAME\":\"DBA\",\"APDX_D_EMP_ADDR1\":\"1299 Maryland Ave\",\"APDX_D_EMP_CITY\":\"Manassas\",\"APDX_D_EMP_STATE\":\"CA\",\"APDX_D_EMP_POSTCODE\":\"22033\",\"APDX_D_EMP_COUNTRY\":\"UNITED STATES OF AMERICA\",\"APDX_D_EMP_PHONE\":\"+17039882929\",\"APDX_D_EMP_FEIN\":\"336778998\",\"APDX_D_EMP_NAICS\":\"326220\",\"APDX_D_POC_LASTNAME\":\"ContactLast\",\"APDX_D_POC_FIRSTNAME\":\"ContactFirst\",\"APDX_D_POC_JOBTITLE\":\"ContactJobTitleTEST\",\"APDX_D_POC_ADDR1\":\"909 Constitution Street\",\"APDX_D_POC_CITY\":\"Ashburn\",\"APDX_D_POC_STATE\":\"CA\",\"APDX_D_POC_POSTCODE\":\"29292\",\"APDX_D_POC_COUNTRY\":\"UNITED STATES OF AMERICA\",\"APDX_D_POC_PHONE\":\"+17038882992\",\"APDX_D_POC_EMAIL\":\"sharma_chirag@bah.com\",\"DATE_APPLICATION_SUBMITTED\":\"19-JUL-19 06.47.59.800000 PM\",\"DATE_LAST_MODIFIED\":\"19-JUL-19 08.57.16.000000 PM\",\"DATE_ACCEPTANCE_LTR_ISSUED\":\"19-JUL-19 08.26.29.190000 PM\",\"DATE_RECRUITMENT_RPT_SUBMITTED\":\"19-JUL-19 08.36.26.940000 PM\",\"FINAL_DETERM_LTR_ISSUED\":\"Y\"}, \"DOL_ETA_WORKSITES\" : [{\"CASE_NUMBER\":\"H-400-19200-449877\",\"ROW_NUM\":\"1\",\"APDX_A_CITY\":\"Maui TESTmcimadpi,imimmcduomcdaioma\",\"APDX_A_STATE\":\"GA\",\"APDX_A_COUNTY\":\"GWINNETT\",\"APDX_A_MSA\":\"ATLANTA-SANDY SPRINGS-ROSWELL, GA\",\"APDX_A_ADDL_INFO\":\"This is a word document. This is a word document. This is a word document. This is a word document. This is a word docu.\",\"APDX_A_CREW_ID\":\"\",\"APDX_A_TOTAL_WORKERS\":\"\",\"APDX_A_BEGIN_DATE\":\"\",\"APDX_A_END_DATE\":\"\",\"APDX_A_WAGE_FROM\":\"\",\"APDX_A_WAGE_TO\":\"\",\"APDX_A_WAGE_PER\":\"Hour\",\"APDX_A_MODIFIED_DATE\":\"19-JUL-19 08.57.38.488621 PM\"},{\"CASE_NUMBER\":\"H-400-19200-449877\",\"ROW_NUM\":\"2\",\"APDX_A_CITY\":\"Atlanta TESTkdkmmsdkmcdkmlmsdlmclms\",\"APDX_A_STATE\":\"AK\",\"APDX_A_COUNTY\":\"FAIRBANKS NORTH STAR\",\"APDX_A_MSA\":\"FAIRBANKS, AK\",\"APDX_A_ADDL_INFO\":\"This is a word document. This is a word document. This is a word document. This is a word document. This is a word docu.\",\"APDX_A_CREW_ID\":\"\",\"APDX_A_TOTAL_WORKERS\":\"\",\"APDX_A_BEGIN_DATE\":\"\",\"APDX_A_END_DATE\":\"\",\"APDX_A_WAGE_FROM\":\"\",\"APDX_A_WAGE_TO\":\"\",\"APDX_A_WAGE_PER\":\"Hour\",\"APDX_A_MODIFIED_DATE\":\"19-JUL-19 08.57.38.488697 PM\"},{\"CASE_NUMBER\":\"H-400-19200-449877\",\"ROW_NUM\":\"3\",\"APDX_A_CITY\":\"Fairfax TESTIIDIDIDIDKMDMSJDMJMKMDK\",\"APDX_A_STATE\":\"HI\",\"APDX_A_COUNTY\":\"KAUAI\",\"APDX_A_MSA\":\"HAWAII / KAUAI NONMETROPOLITAN AREA\",\"APDX_A_ADDL_INFO\":\"This is a word document. This is a word document. This is a word document. This is a word document. This is a word docu.\",\"APDX_A_CREW_ID\":\"\",\"APDX_A_TOTAL_WORKERS\":\"8839\",\"APDX_A_BEGIN_DATE\":\"\",\"APDX_A_END_DATE\":\"\",\"APDX_A_WAGE_FROM\":\"\",\"APDX_A_WAGE_TO\":\"\",\"APDX_A_WAGE_PER\":\"Hour\",\"APDX_A_MODIFIED_DATE\":\"19-JUL-19 08.57.38.488472 PM\"}],\"DOL_ETA_EMPLOYERS\" : {\"RESPONSECODE\":\"NO_DATA\",\"RESPONSEMESSAGE\":\"No data available for this case.\",\n                   \"DOLCASENUMBER\":\"H40019200449877\"},\"DOL_ETA_EDUCATION\" : {\"RESPONSECODE\":\"NO_DATA\",\"RESPONSEMESSAGE\":\"No data available for this case.\",\n                   \"DOLCASENUMBER\":\"H40019200449877\"},\"DOL_ETA_FRN_REC\" : [{\"CASE_NUMBER\":\"H-400-19200-449877\",\"ROW_NUM\":\"1\",\"APDX_C_REC_LASTNAME\":\"FLR profile 1\",\"APDX_C_REC_FIRSTNAME\":\"FLR profile 1\",\"APDX_C_REC_MIDDLENAME\":\"\",\"APDX_C_REC_ORG\":\"FLR profile 2\",\"APDX_C_REC_CITY\":\"KKKK city\",\"APDX_C_REC_STATE\":\"TEXAS\",\"APDX_C_REC_POSTCODE\":\"65643333\",\"APDX_C_REC_COUNTRY\":\"UNITED STATES OF AMERICA\",\"APDX_C_REC_PROVINCE\":\"\",\"APDX_C_MODIFIED_DATE\":\"19-JUL-19 08.57.38.489067 PM\"}],\"DOL_ETA_FD_CERT\" : [{\"CASE_NUMBER\":\"H-400-19200-449877\",\"CASE_STATUS\":\"Determination Issued - Certification\",\"CASE_DETERMIN_DATE\":\"19-JUL-19 08.57.15.700000 PM\",\"EMP_LEGAL_NAME\":\"LegalNameasdjokmjnhbsdfyuoasmdiiomwiwemdmewopwiowlmslkmsoldskilsjdmekwlemskwikdmwjkeillkfmddmjwujkeo\",\"EMP_FEIN\":\"337882993\",\"JOB_TITLE\":\"JobTitleTestttttttttttttttttttttttttttttttjsdfjnsdjnsdfjnjnb\",\"JOB_SOC\":\"29-1131.00\",\"JOB_SOC_TITLE\":\"Veterinarians\",\"CERTIFIED_WORKERS\":\"3\",\"START_DATE\":\"11-OCT-19\",\"END_DATE\":\"16-JUL-20\"}]} }"
  }
}
