{
  "GetDolDetailByEtaCaseNumberResponse":{
    "SourceSystemID":"VIBEService",
    "SourceTransactionID":"f63d049b-f4d0-47ba-80f4-3a553e58792a",
    "ServiceRequestTimestamp":"2019-07-25T09:25:09.327-05:00",
    "ServiceResponseTimestamp":"2019-07-25T09:25:09.464-05:00",
    "AuditCorrelationID":"f63d049b-f4d0-47ba-80f4-3a553e58792a",
    "ResponseStatusMessage":{
      "StatusCode":"1",
      "Status":"SUCCESS"
    },
    "DolEtaFormType":"9142B",
    "DolEtaFormVersion":"2",
    "DolJsonData":"{ \"DOL_DATA\" : { \"DOL_ETA_CLOB\" : {\"CASE_NUMBER\":\"H-400-19155-059591\",\"CASE_STATUS\":\"Pending Appeal\",\"CASE_TYPE\":\"Temporary Labor Certification\",\"VISA_TYPE\":\"H-2B\",\"CASE_DETERMIN_DATE\":\"05-JUN-19 03.38.12.830000 PM\",\"CASE_VALID_FROM\":\"02-SEP-19\",\"CASE_VALID_TO\":\"04-FEB-20\",\"APP_IS_CAP_EXEMPT\":\"0\",\"TEMPNEED_JOBTITLE\":\"Landscaping and Groundskeeping Workers\",\"TEMPNEED_SOC\":\"37-3011.00\",\"TEMPNEED_SOC_TITLE\":\"Landscaping and Groundskeeping Workers\",\"TEMPNEED_WKR_POS\":\"5\",\"TEMPNEED_START\":\"02-SEP-19\",\"TEMPNEED_END\":\"04-FEB-20\",\"TEMPNEED_NATURE\":\"Seasonal\",\"TEMPNEED_DESCRIPTION\":\"Temp Need statement\",\"EMP_BUSINESS_NAME\":\"ENVIRONMENTAL DESIGNS, INC. (N)\",\"EMP_ADDR1\":\"12511 EAST 112TH AVENUE\",\"EMP_CITY\":\"HENDERSON\",\"EMP_STATE\":\"CO\",\"EMP_POSTCODE\":\"80640\",\"EMP_COUNTRY\":\"UNITED STATES OF AMERICA\",\"EMP_PHONE\":\"13032879113\",\"EMP_PHONEEXT\":\"11\",\"EMP_FEIN\":\"841292784\",\"EMP_NAICS\":\"561730\",\"EMPPOC_LASTNAME\":\"AHl\",\"EMPPOC_FIRSTNAME\":\"Bradley\",\"EMPPOC_MIDDLENAME\":\"Neal\",\"EMPPOC_JOBTITLE\":\"H-2B Consultant\",\"EMPPOC_ADDR1\":\"32450 HWY 257, SUITE B\",\"EMPPOC_CITY\":\"WINDSOR\",\"EMPPOC_STATE\":\"CO\",\"EMPPOC_POSTCODE\":\"80550\",\"EMPPOC_COUNTRY\":\"UNITED STATES OF AMERICA\",\"EMPPOC_PHONE\":\"19706866068\",\"EMPPOC_EMAIL\":\"menakristine@gmail.com\",\"ATTY_REPRESENT_TYPE\":\"None\",\"SWA_JOBORDER_ATTACHED\":\"0\",\"SWA_JOBORDER_STATENAME\":\"CO\",\"SWA_JOBORDER_SUBMITTED\":\"04-JUN-19 12.00.00.000000 AM\",\"JOB_DUTIES\":\"Landscape or maintain grounds of property using hand or power tools or equipment. Workers typically perform a\\nvariety of tasks, which may include any combination of the following: sod laying, mowing, trimming, planting,\\nwatering, fertilizing, digging, raking, sprinkler installation, and installation of mortarless segmental concrete\\nmasonry wall units.\",\"JOB_HOURS_TOTAL\":\"35\",\"JOB_HOURS_SUN\":\"5\",\"JOB_HOURS_MON\":\"5\",\"JOB_HOURS_TUES\":\"5\",\"JOB_HOURS_WED\":\"5\",\"JOB_HOURS_THU\":\"5\",\"JOB_HOURS_FRI\":\"5\",\"JOB_HOURS_SAT\":\"5\",\"JOB_HOUR_START\":\"7:00\",\"JOB_STARTPERIOD\":\"A.M.\",\"JOB_HOUR_END\":\"12:00\",\"JOB_ENDPERIOD\":\"P.M.\",\"JOB_MINEDU\":\"None\",\"JOB_MINTRAININGMONTHS\":\"0\",\"JOB_MINEXPMONTHS\":\"0\",\"JOB_SUPERVISOR\":\"0\",\"JOB_NUMBER_SUP\":\"0\",\"JOB_MINSPECIALREQ\":\"Lift and Sustain 60 lbs Possible Drug Screening (Post-Hire) No Education Required No Experience Required On\\nThe Job Training Available\",\"JOB_ADDR1\":\"12511 East 112th Avenue\",\"JOB_CITY\":\"Henderson\",\"JOB_STATE\":\"CO\",\"JOB_POSTCODE\":\"80640\",\"JOB_COUNTY\":\"ADAMS\",\"JOB_MSA\":\"Denver-Aurora-Lakewood, CO MSA\",\"WAGE_FROM\":\"15.17\",\"WAGE_TO\":\"15.17\",\"WAGE_OTFROM\":\"0\",\"WAGE_OT_TO\":\"0\",\"WAGE_PER\":\"Hour\",\"JOB_PWD_NUMBER\":\"P-400-19154-059546\",\"REC_IS_DAILY_TRANSPORT\":\"0\",\"REC_IS_OT_AVAILABLE\":\"0\",\"REC_IS_TRAINING_AVAILABLE\":\"0\",\"REC_IS_TOOLS_EQUIP\":\"1\",\"REC_IS_LODGING\":\"0\",\"REC_PAY_DEDUCTIONS\":\"none\",\"REC_APPLY_PHONE\":\"+12345678910\",\"REC_APPLY_EMAIL\":\"menakristine@gmail.com\",\"REC_APPLY_URL\":\"N/A\",\"EMP_TYPE\":\"Individual Employer\",\"EMP_MSP_ATTACHED\":\"X\",\"DATE_APPLICATION_SUBMITTED\":\"04-JUN-19 06.38.00.580000 PM\",\"DATE_LAST_MODIFIED\":\"05-JUN-19 03.38.13.000000 PM\",\"DATE_ACCEPTANCE_LTR_ISSUED\":\"04-JUN-19 08.36.53.150000 PM\",\"DATE_RECRUITMENT_RPT_SUBMITTED\":\"04-JUN-19 09.12.46.220000 PM\",\"FINAL_DETERM_LTR_ISSUED\":\"Y\"}, \"DOL_ETA_WORKSITES\" : [{\"CASE_NUMBER\":\"H-400-19155-059591\",\"ROW_NUM\":\"1\",\"APDX_A_CITY\":\"Herndon\",\"APDX_A_STATE\":\"VA\",\"APDX_A_COUNTY\":\"LOUDOUN\",\"APDX_A_MSA\":\"Washington-Arlington-Alexandria, DC-VA-MD-WV Metropolitan Division\",\"APDX_A_ADDL_INFO\":\"\",\"APDX_A_CREW_ID\":\"\",\"APDX_A_TOTAL_WORKERS\":\"\",\"APDX_A_BEGIN_DATE\":\"\",\"APDX_A_END_DATE\":\"\",\"APDX_A_WAGE_FROM\":\"\",\"APDX_A_WAGE_TO\":\"\",\"APDX_A_WAGE_PER\":\"Hour\",\"APDX_A_MODIFIED_DATE\":\"11-JUN-19 05.16.10.987065 AM\"},{\"CASE_NUMBER\":\"H-400-19155-059591\",\"ROW_NUM\":\"2\",\"APDX_A_CITY\":\"  San Francisco\",\"APDX_A_STATE\":\"CA\",\"APDX_A_COUNTY\":\"SACRAMENTO\",\"APDX_A_MSA\":\"Sacramento--Roseville--Arden-Arcade, CA MSA\",\"APDX_A_ADDL_INFO\":\"\",\"APDX_A_CREW_ID\":\"\",\"APDX_A_TOTAL_WORKERS\":\"\",\"APDX_A_BEGIN_DATE\":\"\",\"APDX_A_END_DATE\":\"\",\"APDX_A_WAGE_FROM\":\"\",\"APDX_A_WAGE_TO\":\"\",\"APDX_A_WAGE_PER\":\"Hour\",\"APDX_A_MODIFIED_DATE\":\"11-JUN-19 05.16.10.986843 AM\"},{\"CASE_NUMBER\":\"H-400-19155-059591\",\"ROW_NUM\":\"3\",\"APDX_A_CITY\":\"Arlington\",\"APDX_A_STATE\":\"VA\",\"APDX_A_COUNTY\":\"ARLINGTON\",\"APDX_A_MSA\":\"Washington-Arlington-Alexandria, DC-VA-MD-WV Metropolitan Division\",\"APDX_A_ADDL_INFO\":\"\",\"APDX_A_CREW_ID\":\"\",\"APDX_A_TOTAL_WORKERS\":\"\",\"APDX_A_BEGIN_DATE\":\"\",\"APDX_A_END_DATE\":\"\",\"APDX_A_WAGE_FROM\":\"\",\"APDX_A_WAGE_TO\":\"\",\"APDX_A_WAGE_PER\":\"Hour\",\"APDX_A_MODIFIED_DATE\":\"11-JUN-19 05.16.10.986732 AM\"}],\"DOL_ETA_EMPLOYERS\" : {\"RESPONSECODE\":\"NO_DATA\",\"RESPONSEMESSAGE\":\"No data available for this case.\",\n                   \"DOLCASENUMBER\":\"H40019155059591\"},\"DOL_ETA_EDUCATION\" : {\"RESPONSECODE\":\"NO_DATA\",\"RESPONSEMESSAGE\":\"No data available for this case.\",\n                   \"DOLCASENUMBER\":\"H40019155059591\"},\"DOL_ETA_FRN_REC\" : [{\"CASE_NUMBER\":\"H-400-19155-059591\",\"ROW_NUM\":\"\",\"APDX_C_REC_LASTNAME\":\"\",\"APDX_C_REC_FIRSTNAME\":\"\",\"APDX_C_REC_MIDDLENAME\":\"\",\"APDX_C_REC_ORG\":\"\",\"APDX_C_REC_CITY\":\"\",\"APDX_C_REC_STATE\":\"\",\"APDX_C_REC_POSTCODE\":\"\",\"APDX_C_REC_COUNTRY\":\"\",\"APDX_C_REC_PROVINCE\":\"\",\"APDX_C_MODIFIED_DATE\":null}],\"DOL_ETA_FD_CERT\" : {\"RESPONSECODE\":\"NO_DATA\",\"RESPONSEMESSAGE\":\"No data available for this case.\",\n                   \"DOLCASENUMBER\":\"H40019155059591\"}} }"
  }
}