{
  "GetDolDetailByEtaCaseNumberResponse":{
    "SourceSystemID":"VIBEService",
    "SourceTransactionID":"6a920b0b-f992-4af2-a3af-3b1ac6df03cc",
    "ServiceRequestTimestamp":"2019-11-12T09:22:10.661-06:00",
    "ServiceResponseTimestamp":"2019-11-12T09:22:11.314-06:00",
    "AuditCorrelationID":"6a920b0b-f992-4af2-a3af-3b1ac6df03cc",
    "ResponseStatusMessage":{
      "StatusCode":"1",
      "Status":"SUCCESS"
    },
    "DolEtaFormType":"9142A",
    "DolEtaFormVersion":"2",
    "DolJsonData":"{ \"DOL_DATA\" : { \"DOL_ETA_CLOB\" : {\"CASE_NUMBER\":\"H-300-19274-066180\",\"CASE_STATUS\":\"Acceptance Issued\",\"CASE_DETERMIN_DATE\":\"\",\"CASE_VALID_FROM\":\"\",\"CASE_VALID_TO\":\"\",\"CASE_TYPE\":\"Temporary Labor Certification\",\"VISA_TYPE\":\"H-2A\",\"NAT_EMP_TYPE\":\"Individual Employer\",\"NAT_IS_H2A_LBRCONTRACTOR\":\"No\",\"NAT_TEMP_NEED\":\"Seasonal\",\"NAT_IS_NEED_STATEMENT_ATTACHED\":\"Yes\",\"NAT_IS_EMERGENCY_SITUATION\":\"No\",\"NAT_EMERGENCY_SIT_ATTACHED\":\"No\",\"EMP_BUSINESS_NAME\":\"Jeffrey Curtis Jepperson\",\"EMP_TRADE_NAME\":\"\",\"EMP_ADDR1\":\"251 East 300 North\",\"EMP_ADDR2\":\"\",\"EMP_CITY\":\"Santaquin\",\"EMP_STATE\":\"UT\",\"EMP_POSTCODE\":\"84655\",\"EMP_COUNTRY\":\"UNITED STATES OF AMERICA\",\"EMP_PROVINCE\":\"\",\"EMP_PHONE\":\"+18017545802\",\"EMP_PHONEEXT\":\"\",\"EMP_FEIN\":\"46-4062390\",\"EMP_NAICS\":\"11241\",\"EMPPOC_LASTNAME\":\"Jepperson\",\"EMPPOC_FIRSTNAME\":\"Jeffrey\",\"EMPPOC_MIDDLENAME\":\"C\",\"EMPPOC_JOBTITLE\":\"Owner\",\"EMPPOC_ADDR1\":\"251 East 300 North\",\"EMPPOC_ADDR2\":\"N/A\",\"EMPPOC_CITY\":\"Santaquin\",\"EMPPOC_STATE\":\"UT\",\"EMPPOC_POSTCODE\":\"84655\",\"EMPPOC_COUNTRY\":\"UNITED STATES OF AMERICA\",\"EMPPOC_PROVINCE\":\"\",\"EMPPOC_PHONE\":\"+18017545802\",\"EMPPOC_PHONEEXT\":\"\",\"EMPPOC_EMAIL\":\"jcjepperson@gmail.com\",\"ATTY_REPRESENT_TYPE\":\"Agent\",\"ATTY_LASTNAME\":\"Thibeault\",\"ATTY_FIRSTNAME\":\"Diane\",\"ATTY_MIDDLENAME\":\"Marie\",\"ATTY_ADDR1\":\"218 NE Broadway\",\"ATTY_ADDR2\":\"\",\"ATTY_CITY\":\"Lewistown\",\"ATTY_STATE\":\"MT\",\"ATTY_POSTCODE\":\"59457\",\"ATTY_COUNTRY\":\"UNITED STATES OF AMERICA\",\"ATTY_PROVINCE\":\"Montana\",\"ATTY_PHONE\":\"+14065797529\",\"ATTY_PHONEEXT\":\"\",\"ATTY_EMAIL\":\"diane@peakseasonlabor.com\",\"ATTY_BIZNAME\":\"Peak Season Labor, Inc.\",\"ATTY_FEIN\":\"47-2665944\",\"ATTY_STATEBARNO\":\"\",\"ATTY_STATEHIGHCT\":\"\",\"ATTY_NAMEHIGHCT\":\"\",\"ATTY_IS_AGREEMENT_ATTACHED\":\"Yes\",\"AGNT_IS_MSPA_ATTACHED\":\"N/A\",\"JOB_SOC\":\"45-2093.00\",\"JOB_SOC_TITLE\":\"Farmworkers, Farm, Ranch, and Aquacultural Animals\",\"JOB_ORDER_ATTACHED\":\"Yes\",\"JOB_ORDER_NUMBER\":\"JO-A-300-19274-066180\",\"JOB_JOINT_EMP_DETAILS\":\"No\",\"JOB_FIXED_SITE_DETAILS\":\"No\",\"JOB_WORK_CONTRACT_ATTACHED\":\"No\",\"JOB_MSPA_ATTACHED\":\"N/A\",\"JOB_SURETY_BOND_ATTACHED\":\"No\",\"JOB_HOUSING_TRANSPORT\":\"No\",\"DECLARE_IS_CONFM_APDX_A\":\"Yes\",\"DECLARE_CONFM_EMP\":\"No\",\"PREP_LASTNAME\":\"Leifson\",\"PREP_FIRSTNAME\":\"Naomi\",\"PREP_MIDDLENAME\":\"L\",\"PREP_FEIN\":\"\",\"PREP_BIZNAME\":\"Peak Season Labor, Inc.\",\"PREP_EMAIL\":\"naomi@peakseasonlabor.com\",\"DATE_SUBMITTED\":\"02-OCT-19 04.53.45.770000 PM\",\"DATE_LAST_MODIFIED\":\"16-OCT-19 09.54.31.000000 PM\",\"FINAL_DETERM_LTR_ISSUED\":\"N\"}, \"DOL_ETA_WORKSITES\" : {\"RESPONSECODE\":\"NO_DATA\",\"RESPONSEMESSAGE\":\"No data available for this case.\",\"DOLCASENUMBER\":\"H30019274066180\"},\"DOL_ETA_EMPLOYERS\" : {\"RESPONSECODE\":\"NO_DATA\",\"RESPONSEMESSAGE\":\"No data available for this case.\",\"DOLCASENUMBER\":\"H30019274066180\"},\"DOL_ETA_EDUCATION\" : {\"RESPONSECODE\":\"NO_DATA\",\"RESPONSEMESSAGE\":\"No data available for this case.\",\"DOLCASENUMBER\":\"H30019274066180\"},\"DOL_ETA_FRN_REC\" : {\"RESPONSECODE\":\"NO_DATA\",\"RESPONSEMESSAGE\":\"No data available for this case.\",\"DOLCASENUMBER\":\"H30019274066180\"},\"DOL_ETA_FD_CERT\" : {\"RESPONSECODE\":\"NO_DATA\",\"RESPONSEMESSAGE\":\"No data available for this case.\",\"DOLCASENUMBER\":\"H30019274066180\"},\"DOL_ETA_AG_CLEARANCE\" : {\"JOB_ORDER_NUMBER\":\"JO-A-300-19274-066180\",\"JOB_TITLE\":\"Sheepherder\",\"JOB_WRKS_NEEDED\":\"1\",\"JOB_WRKS_NEEDED_H2A\":\"1\",\"JOB_BEGIN_DATE\":\"01-DEC-19\",\"JOB_END_DATE\":\"28-NOV-20\",\"JOB_IS_ONCALL\":\"Yes\",\"JOB_HOURS_TOTAL\":\"\",\"JOB_HOURS_SUN\":\"\",\"JOB_HOURS_MON\":\"\",\"JOB_HOURS_TUE\":\"\",\"JOB_HOURS_WED\":\"\",\"JOB_HOURS_THU\":\"\",\"JOB_HOURS_FRI\":\"\",\"JOB_HOURS_SAT\":\"\",\"JOB_HOURS_START\":\"\",\"JOB_STARTPERIOD\":\"\",\"JOB_HOURS_END\":\"\",\"JOB_ENDPERIOD\":\"\",\"JOB_DUTIES\":\"RANGE SHEEP HERDER:\\nWorker must be able to lift and carry items weighing up to 100 pounds. Most duties are performed out-of-doors and entail exposure to extreme heat and cold; dust, rain, snow, and wind; and herding hazards; poisonous snakes and predators common in range lands. General supervision will be provided by the ranch owner. A minimum of 6 months experience is required. Worker must be On-Call 24/7.  The Range Sheep Herder will be required to be On-Call 24/7 and live on the range more than 50% of the time. Range Duties include:  Herd sheep to pastures for grazing; sort and round up strays; protect and defend livestock from predators and from eating poisonous or noxious plants; ride horse and/or 4-wheeler to move livestock; if riding horse the worker must be able to handle a horse to ensure the safety of the worker, co-workers and livestock; manually restrain livestock when required; apply medication to cuts and bruises; spray sheep with insecticide; feed livestock supplementary rations; feed and care for horses and other domestic animals used on the range to help with herding; setup and take down electric fence; inspect and repair other fencing used to contain the herd. Must be able to find and maintain bearings to grazing areas. Must be willing and able to live and work independently in isolated areas for extended periods of time. Workers must be willing and able to perform tasks capably and efficiently without close supervision.  Duties that may be performed off the range less than 50% of the time include:  Worker must assist with lambing of sheep, attend to sheep in barns during lambing season, herd sheep into corrals and stalls, manually restrain sheep, may clean stalls, pens and other equipment used for the production of sheep.\",\"JOB_WAGE_OFFER\":\"            $1,633.33\",\"JOB_WAGE_PER\":\"Month\",\"JOB_PIECE_RATE\":\"\",\"JOB_SPECIAL_PAY_INFO\":\"\",\"IS_ADDM_A_ATTACHED\":\"No\",\"JOB_PAY_FREQUENCY\":\"Biweekly\",\"JOB_PAY_FREQUENCY_OTHER\":\"N/A\",\"JOB_PAY_DEDUCTION\":\"Room  and  board  and Workers  Compensation insurance will be provided at no charge to the workers. Social security / Medicaid Taxes and Federal / State taxes  will  be  withheld  from  U.S.  Worker¿s  paychecks.  Voluntary  withholdings  will be  deducted from foreign workers¿  paychecks  at their  request.  Employer will make  the  following deductions  when applicable:  FICA, loans and advances, long-distance telephone  charges the reasonable  repair or  replacement  cost  of  willful  or  negligent  damage  to  housing,  tools  and  equipment caused by the worker (other than normal wear and tear).\",\"JOB_MINEDU\":\"None\",\"JOB_MINEXPMONTHS\":\"6\",\"JOB_MINTRAININGMONTHS\":\"0\",\"JOB_IS_CERT\":\"No\",\"JOB_IS_DRIVER\":\"No\",\"JOB_IS_BACKGROUND\":\"No\",\"JOB_IS_DRUG_SCREEN\":\"No\",\"JOB_IS_LIFTING\":\"Yes\",\"JOB_LIFTING_WEIGHT\":\"100\",\"JOB_IS_TEMPERATURE\":\"Yes\",\"JOB_IS_PUSHING\":\"No\",\"JOB_IS_SITTING\":\"Yes\",\"JOB_IS_BENDING\":\"Yes\",\"JOB_IS_REPETITIVE\":\"No\",\"JOB_IS_SUPERVISING\":\"No\",\"JOB_NUMBER_SUP\":\"\",\"JOB_ADD_REQINFO\":\"Must have the skills to care for the needs and safety of a flock of sheep. Worker will be exposed to extreme heat and cold; dust, rain, snow, and wind; and herding hazards; poisonous snakes and predators common in range lands. Must be able to handle and care for guard dogs. Must be able to ride horse and 4 wheeler.\",\"JOB_ADDR1\":\"251 East 300 North\",\"JOB_CITY\":\"Santaquin\",\"JOB_STATE\":\"UT\",\"JOB_POSTCODE\":\"84655\",\"JOB_COUNTY\":\"UTAH\",\"JOB_ADD_LOCINFO\":\"US Forest Service, BLM and Private leased property located in Utah and Wasach Counties, UT. \\nAll worksites are under the control and management of the Employer.\",\"IS_ADDM_B_ATTACHED\":\"No\",\"HOUSING_ADDR1\":\"251 East 300 North\",\"HOUSING_ADDR2\":\"\",\"HOUSING_CITY\":\"Santaquin\",\"HOUSING_STATE\":\"UT\",\"HOUSING_POSTCODE\":\"84655\",\"HOUSING_COUNTY\":\"UTAH\",\"HOUSING_TYPE\":\"Madison Sheep Camp\",\"HOUSING_TOTAL_UNITS\":\"1\",\"HOUSING_TOTAL_OCCUPY\":\"1\",\"HOUSING_COMP_LOCAL\":\"Local\",\"HOUSING_COMP_STATE\":\"State\",\"HOUSING_COMP_FEDERAL\":\"Federal\",\"HOUSING_ADD_INFO\":\"US Forest Service, BLM and Private leased property located in Utah and Wasach Counties, UT. \\nHousing is Employer Owned\\n\",\"HOUSING_ADDM_B_ATTACHED\":\"No\",\"MEAL_DESCRIPTION\":\"Kitchen facilities, utilities, utensils and food will be provided by the employer at no cost to the worker. Worker will prepare their own meals. Upon request, employer will provide transportation to stores at least every two weeks for shopping for food and other necessary items at no cost to the worker.  During certain seasons of the year, the employer may opt to provide the workers with prepared meals, at no cost to the workers. Housing is a mobile sheep camp. A tank of non-potable water is always on site and is filled as often as needed.   20 plus gallons of potable water is delivered every three days. The employer will post a public notice in the kitchen and bathroom to not drink or cook with the non potable water. \",\"MEAL_IS_CHARGED\":\"Will Not Charge\",\"MEAL_CHARGE\":\"\",\"TRANSPORT_DESC_DAILY\":\"Worker will be living on the range.  Any transportation that is needed, will be provided at no cost to the worker.   Employer-provided transportation will meet all applicable safety standards, be properly insured, and be operated by licensed drivers.\",\"TRANSPORT_DESC_EMP\":\"Worker will be living on the range.  Any transportation that is needed, will be provided at no cost to the worker.   Employer-provided transportation will meet all applicable safety standards, be properly insured, and be operated by licensed drivers.\",\"TRANSPORT_MINREIMBURSE\":\"      12.46\",\"TRANSPORT_MAXREIMBURSE\":\"      55.00\",\"REC_DETAILS\":\"To apply, applicants must provide their full name and contact information. Only those applicants who meet all the special requirements for employment and who are ready, able, willing and qualified to perform the work, who are eligible for employment in the United States, and who will be available at the time and place needed, should apply. Interested applicants and the State Workforce Agency may call between 8:00 AM and 5:00 PM, Mon. thru Fri. MST. Applicants may apply by visiting the local State Workforce Agency to submit their application and be advised of the terms, conditions and qualifications for the job, pursuant to 20 CFR 655.155.  Applicants must provide the name, and working telephone number of the previous employer being used as a reference (the reference must be able to verify the workers experience in the occupation for which the worker is applying). If hired, the applicant must be able to provide U.S. employment eligibility and/or identification documents in verification of the applicants right to work in the U.S. The employer will complete the Employment Eligibility Verification Form (I-9) on each worker. The employer may be reached by the State Workforce Agency.  Applications may be emailed tor faxed to the following address.. A minimum of 6 months experience is required.  \",\"REC_APPLY_PHONE\":\"+18017545802\",\"REC_APPLY_EMAIL\":\"jcjepperson@gmail.com\",\"REC_APPLY_URL\":\"N/A\",\"IS_ADDM_C_ATTACHED\":\"Yes\",\"DATE_SUBMITTED\":\"01-OCT-19 04.21.10.410000 PM\",\"DATE_LAST_MODIFIED\":\"01-OCT-19 08.33.20.000000 PM\"},\"DOL_ETA_CROP_WAGE\" : {\"RESPONSECODE\":\"NO_DATA\",\"RESPONSEMESSAGE\":\"No data available for this case.\",\"DOLCASENUMBER\":\"H30019274066180\"},\"DOL_ETA_HOUSING\" : {\"RESPONSECODE\":\"NO_DATA\",\"RESPONSEMESSAGE\":\"No data available for this case.\",\"DOLCASENUMBER\":\"H30019274066180\"},\"DOL_ETA_ADDL_INFO\" : [{\"JOB_ORDER_NUMBER\":\"JO-A-300-19274-066180\",\"ROW_NUM\":\"1\",\"ADDMC_SECTION_NAME\":\"Inbound/Outbound Transportation\",\"ADDMC_SECTION_NUMBER\":\"F.2\",\"ADDMC_SECTION_DETAILS\":\" whether in the U.S. or abroad to the place of employment. When it is the prevailing practice of non-H-2A agricultural employers in the occupation in the area to do so, or when the employer extends such benefits to similarly situated H-2A workers, the employer must advance the required transportation and subsistence costs (or otherwise provide them) to workers in corresponding employment who are traveling to the employer's work site. The amount of the transportation payment must be no less (and is not required to be more) than the most economical and reasonable common carrier transportation charges for the distances involved.  he amount of the daily subsistence payment must be at least as much as the employer would charge the worker for providing the worker with three meals a day during employment (if applicable), but in no event less than the amount permitted under § 655.173(a) \u201D:  which is $12.46 per day published by the  Federal Register on Friday, March 22, 2019. 83 FR 10838.   The maximum amount is $ 55.00 per day(2) (with documentation of actual expenses)  The employer must also provide or pay the reasonable costs for lodging where lodging is necessary. If not provided by the employer, the amount an employer must pay for transportation and, where necessary, lodging must be no less than (and is not required to be more than) the most economical and reasonable costs.\\n\\n(2) Transportation from place of employment. If the worker completes the work contract period, or if the employee is terminated without cause, and the worker has no immediate subsequent H-2A employment, the employer must provide or pay for the worker's transportation and daily subsistence from the place of employment to the place from which the worker, disregarding intervening employment, departed to work for the employer. If the worker has contracted with a subsequent employer who has not agreed in such work contract to provide or pay for the worker's transportation and daily subsistence expenses from the employer's work site to such subsequent employer's work site, the employer must provide or pay for such expenses. If the worker has contracted with a subsequent employer who has agreed in such work contract to provide or pay for the worker's transportation and daily subsistence expenses from the employer's work site to such subsequent employer's work site, the subsequent employer must provide or pay for such expenses. The employer is not relieved of its obligation to provide or pay for return transportation and subsistence if an H-2A worker is displaced as a result of the employer's compliance with the 50 percent rule as described in § 655.135(d) of this subpart with respect to the referrals made after the employer's date of need.\",\"DATE_LAST_MODIFIED\":\"11-OCT-19 04.14.32 PM\"},{\"JOB_ORDER_NUMBER\":\"JO-A-300-19274-066180\",\"ROW_NUM\":\"1\",\"ADDMC_SECTION_NAME\":\"Inbound/Outbound Transportation\",\"ADDMC_SECTION_NUMBER\":\"F.2\",\"ADDMC_SECTION_DETAILS\":\" whether in the U.S. or abroad to the place of employment. When it is the prevailing practice of non-H-2A agricultural employers in the occupation in the area to do so, or when the employer extends such benefits to similarly situated H-2A workers, the employer must advance the required transportation and subsistence costs (or otherwise provide them) to workers in corresponding employment who are traveling to the employer's work site. The amount of the transportation payment must be no less (and is not required to be more) than the most economical and reasonable common carrier transportation charges for the distances involved.  he amount of the daily subsistence payment must be at least as much as the employer would charge the worker for providing the worker with three meals a day during employment (if applicable), but in no event less than the amount permitted under § 655.173(a) \u201D:  which is $12.46 per day published by the  Federal Register on Friday, March 22, 2019. 83 FR 10838.   The maximum amount is $ 55.00 per day(2) (with documentation of actual expenses)  The employer must also provide or pay the reasonable costs for lodging where lodging is necessary. If not provided by the employer, the amount an employer must pay for transportation and, where necessary, lodging must be no less than (and is not required to be more than) the most economical and reasonable costs.\\n\\n(2) Transportation from place of employment. If the worker completes the work contract period, or if the employee is terminated without cause, and the worker has no immediate subsequent H-2A employment, the employer must provide or pay for the worker's transportation and daily subsistence from the place of employment to the place from which the worker, disregarding intervening employment, departed to work for the employer. If the worker has contracted with a subsequent employer who has not agreed in such work contract to provide or pay for the worker's transportation and daily subsistence expenses from the employer's work site to such subsequent employer's work site, the employer must provide or pay for such expenses. If the worker has contracted with a subsequent employer who has agreed in such work contract to provide or pay for the worker's transportation and daily subsistence expenses from the employer's work site to such subsequent employer's work site, the subsequent employer must provide or pay for such expenses. The employer is not relieved of its obligation to provide or pay for return transportation and subsistence if an H-2A worker is displaced as a result of the employer's compliance with the 50 percent rule as described in § 655.135(d) of this subpart with respect to the referrals made after the employer's date of need.\",\"DATE_LAST_MODIFIED\":\"11-OCT-19 04.14.32 PM\"},{\"JOB_ORDER_NUMBER\":\"JO-A-300-19274-066180\",\"ROW_NUM\":\"2\",\"ADDMC_SECTION_NAME\":\"Inbound/Outbound Transportation\",\"ADDMC_SECTION_NUMBER\":\"F.2\",\"ADDMC_SECTION_DETAILS\":\"INBOUND 1) Advance the worker the required transportation and subsistence costs (or otherwise provide them) to workers in corresponding employment who are traveling to the employer's work site 2) Pay directly for the inbound transportation, typically airplane or bus transportation, and reimburse any subsistence costs.\\nOUTBOUND If the worker completes the work contract period, or if the employee is terminated without cause, and the worker has no immediate subsequent H-2A employment, the employer will provide or pay for the worker's transportation and daily subsistence from the place of employment to the place from which the worker, disregarding intervening employment, departed to work for the employer.\",\"DATE_LAST_MODIFIED\":\"11-OCT-19 04.14.32 PM\"},{\"JOB_ORDER_NUMBER\":\"JO-A-300-19274-066180\",\"ROW_NUM\":\"2\",\"ADDMC_SECTION_NAME\":\"Inbound/Outbound Transportation\",\"ADDMC_SECTION_NUMBER\":\"F.2\",\"ADDMC_SECTION_DETAILS\":\"INBOUND 1) Advance the worker the required transportation and subsistence costs (or otherwise provide them) to workers in corresponding employment who are traveling to the employer's work site 2) Pay directly for the inbound transportation, typically airplane or bus transportation, and reimburse any subsistence costs.\\nOUTBOUND If the worker completes the work contract period, or if the employee is terminated without cause, and the worker has no immediate subsequent H-2A employment, the employer will provide or pay for the worker's transportation and daily subsistence from the place of employment to the place from which the worker, disregarding intervening employment, departed to work for the employer.\",\"DATE_LAST_MODIFIED\":\"11-OCT-19 04.14.32 PM\"},{\"JOB_ORDER_NUMBER\":\"JO-A-300-19274-066180\",\"ROW_NUM\":\"3\",\"ADDMC_SECTION_NAME\":\"Job Offer - Communication equipment \",\"ADDMC_SECTION_NUMBER\":\"A\",\"ADDMC_SECTION_DETAILS\":\"The employer provides the worker with a cell phone - at no cost to the workers (except long distance charges). During times when the workers are located in an area where a cell signal is weak, the workers will be shown the area nearby where they can walk, drive or ride horse back to attain a cell signal. During times when the worker is located in an area where a cell signal is weak, the worker will be shown the area nearby where the worker can walk, drive or ride horse to attain a cell signal. Additionally, the employer will pre-schedule regular in-person visits to the camp to check on the worker and livestock. These visits occur every 3 days - at which time the employer brings potable water, fresh groceries, animal feed and other supplies \u2013 all at no cost to the worker.\",\"DATE_LAST_MODIFIED\":\"11-OCT-19 04.14.32 PM\"},{\"JOB_ORDER_NUMBER\":\"JO-A-300-19274-066180\",\"ROW_NUM\":\"3\",\"ADDMC_SECTION_NAME\":\"Job Offer - Communication equipment \",\"ADDMC_SECTION_NUMBER\":\"A\",\"ADDMC_SECTION_DETAILS\":\"The employer provides the worker with a cell phone - at no cost to the workers (except long distance charges). During times when the workers are located in an area where a cell signal is weak, the workers will be shown the area nearby where they can walk, drive or ride horse back to attain a cell signal. During times when the worker is located in an area where a cell signal is weak, the worker will be shown the area nearby where the worker can walk, drive or ride horse to attain a cell signal. Additionally, the employer will pre-schedule regular in-person visits to the camp to check on the worker and livestock. These visits occur every 3 days - at which time the employer brings potable water, fresh groceries, animal feed and other supplies \u2013 all at no cost to the worker.\",\"DATE_LAST_MODIFIED\":\"11-OCT-19 04.14.32 PM\"},{\"JOB_ORDER_NUMBER\":\"JO-A-300-19274-066180\",\"ROW_NUM\":\"4\",\"ADDMC_SECTION_NAME\":\"Job Offer - Tools\",\"ADDMC_SECTION_NUMBER\":\"A\",\"ADDMC_SECTION_DETAILS\":\"The employer will provide, at no cost to the worker:  food; potable water; propane; cooking supplies/utensils; animal feed/feed and water buckets; vaccines/medicine for livestock; saddle/tack; fencing pliers, fence stretchers, hammers, staples, shovels, tamping bar, and other necessary fencing tools; fire extinguisher, first aid kit and a 4-wheeler, lantern/flashlight, protective clothing suitable to weather, carbon monoxide and smoke detector in the camper. \",\"DATE_LAST_MODIFIED\":\"11-OCT-19 04.14.32 PM\"},{\"JOB_ORDER_NUMBER\":\"JO-A-300-19274-066180\",\"ROW_NUM\":\"4\",\"ADDMC_SECTION_NAME\":\"Job Offer - Tools\",\"ADDMC_SECTION_NUMBER\":\"A\",\"ADDMC_SECTION_DETAILS\":\"The employer will provide, at no cost to the worker:  food; potable water; propane; cooking supplies/utensils; animal feed/feed and water buckets; vaccines/medicine for livestock; saddle/tack; fencing pliers, fence stretchers, hammers, staples, shovels, tamping bar, and other necessary fencing tools; fire extinguisher, first aid kit and a 4-wheeler, lantern/flashlight, protective clothing suitable to weather, carbon monoxide and smoke detector in the camper. \",\"DATE_LAST_MODIFIED\":\"11-OCT-19 04.14.32 PM\"}]} }"
  }
}