{
    "VsrGetResponse":{
      "SourceSystemID":"VIBEService",
      "SourceTransactionID":"d032cdef-0020-4709-b488-4c8db21a6aa9",
      "ServiceRequestTimestamp":"2019-08-30T13:25:34.425-05:00",
      "ServiceResponseTimestamp":"2019-08-30T13:25:34.619-05:00",
      "AuditCorrelationID":"d032cdef-0020-4709-b488-4c8db21a6aa9",
      "VsrResultSet":{
        "lastRecordIndex":1,
        "recordCountInThisResultSet":1,
        "totalRecordCount":1,
        "VsrRecord":[
          {
            "ScoreID":"1254858",
            "AdjudicativeStatus":"APPROVED",
            "ReceiptNumber":"EAC1017351424",
            "PetitionInformation":{
              "ReceiptNumber":"EAC1017351424",
              "PetitionVisaType":"1B1",
              "PetitionType":"I129",
              "ReceiptDate":"2010-06-10-05:00",
              "RecordTimeStamp":"2010-12-09T00:00:00-06:00",
              "OrganizationDataSource":"Petition",
              "OrganizationName":"BIOCHROM CORPORATION",
              "Address":{
                "AddressID":"24607931",
                "StreetFullText":"4005 NW 114 AVE SUITE 24",
                "StreetExtensionText":"N/A",
                "LocationCityName":"DORAL",
                "LocationPostalCode":"33178",
                "LocationStateName":"FL",
                "LocationCountryName":null
              },
              "DolEtaCaseNumber":null,
              "Fein":"N/A"
            },
            "VIBEScoreResult":{
              "Score":"ORANGE",
              "ScoreRunTimeStamp":"2019-08-30T13:11:16-05:00",
              "Matched":"No",
              "ConfidenceFactor":"3"
            },
            "DNBMatchedBranchInformation":"",
            "DNBMatchedCompanyInformation":{
              "OrganizationName":"Biochrom Corp. Scientific Trade",
              "Address":{
                "AddressID":"329499910",
                "StreetFullText":"8237 NW 68TH St",
                "StreetExtensionText":null,
                "LocationCityName":"Miami",
                "LocationPostalCode":"33166-2777",
                "LocationStateName":"FL",
                "LocationCountryName":"USA"
              },
              "LocationType":"Single Location",
              "OrganizationPhone":{
                "TelephoneNumberFullID":"1-(305) 474-9890"
              },
              "OrganizationDUNSNumber":"022597361",
              "RelationshipToGlobal":"Not a subsidiary site",
              "ForeignRelationshipIndicator":"No"
            },
            "DNBDetailedCompanyInformation":{
              "CEOName":"BAOLO BABARCURI",
              "ImportExport":"Import",
              "NumberOfRelatedEntities":0,
              "NumberOfCorroboratingSources":1,
              "TotalTradePayments":0.0,
              "NumberOfEmployeesInUSA":"2 (Estimated Figure)",
              "NumberOfEmployeesWorldWide":"2 (Estimated Figure)",
              "YearEstablished":2012,
              "ManagementControlYear":2012,
              "SevereRisk":"No",
              "OutOfBusinessIndicator":false,
              "NAICCodes":{
                "NAIC1":"424990-Other Miscellaneous Nondurable Goods Merchant Wholesalers",
                "NAIC2":"",
                "NAIC3":"",
                "NAIC4":"",
                "NAIC5":"",
                "NAIC6":""
              },
              "TradeStyleCodes":"",
              "NonProfitIndicator":"No"
            },
            "DNBCompanyExecutiveBio":{
              "Executive1":"",
              "Executive2":"",
              "Executive3":""
            },
            "DNBCompanyFinancialInformation":{
              "GrossAnualIncome":"123253 | (Modeled)",
              "FinancialStressScore":4
            }
          }
        ]
      }
    }
  }