[
    {"name": "UNITED STATES", "abbreviation": "US"
    },
    {"name": "CANADA", "abbreviation": "CA"
    },
    {"name": "AFGHANISTAN", "abbreviation": "AF"
    },
    {"name": "ALBANIA", "abbreviation": "AB"
    },
    {"name": "ALGERIA", "abbreviation": "AG"
    },
    {"name": "AMERICAN SAMOA", "abbreviation": "AS"
    },
    {"name": "ANDORRA", "abbreviation": "AN"
    },
    {"name": "ANGOLA", "abbreviation": "AO"
    },
    {"name": "ANGUILLA", "abbreviation": "AL"
    },
    {"name": "ANTIGUA AND BARBUDA", "abbreviation": "AD"
    },
    {"name": "ARGENTINA", "abbreviation": "AR"
    },
    {"name": "ARMENIA", "abbreviation": "AM"
    },
    {"name": "ARUBA", "abbreviation": "AA"
    },
    {"name": "AUSTRALIA", "abbreviation": "AU"
    },
    {"name": "AUSTRIA", "abbreviation": "OS"
    },
    {"name": "AZERBAIJAN", "abbreviation": "JZ"
    },
    {"name": "BAHAMAS", "abbreviation": "BH"
    },
    {"name": "BAHRAIN", "abbreviation": "BR"
    },
    {"name": "BANGLADESH", "abbreviation": "BA"
    },
    {"name": "BARBADOS", "abbreviation": "BB"
    },
    {"name": "BELARUS", "abbreviation": "BY"
    },
    {"name": "BELGIUM", "abbreviation": "BL"
    },
    {"name": "BELIZE", "abbreviation": "BG"
    },
    {"name": "BENIN", "abbreviation": "BN"
    },
    {"name": "BERMUDA", "abbreviation": "BE"
    },
    {"name": "BHUTAN", "abbreviation": "BT"
    },
    {"name": "BOLIVIA", "abbreviation": "BO"
    },
    {"name": "BONAIRE", "abbreviation": "BQ"
    },
    {"name": "BOSNIA-HERZEGOVINA", "abbreviation": "BS"
    },
    {"name": "BOTSWANA", "abbreviation": "BW"
    },
    {"name": "BRAZIL", "abbreviation": "BZ"
    },
    {"name": "BRITISH VIRGIN ISLANDS", "abbreviation": "BV"
    },
    {"name": "BRUNEI", "abbreviation": "BI"
    },
    {"name": "BULGARIA", "abbreviation": "BU"
    },
    {"name": "BURKINA FASO", "abbreviation": "BF"
    },
    {"name": "BURMA (MYANMAR)", "abbreviation": "BM"
    },
    {"name": "BURUNDI", "abbreviation": "BD"
    },
    {"name": "CAMBODIA", "abbreviation": "KA"
    },
    {"name": "CAMEROON", "abbreviation": "CM"
    },
    {"name": "CAPE VERDE", "abbreviation": "CV"
    },
    {"name": "CAYMAN ISLANDS", "abbreviation": "CI"
    },
    {"name": "CENTRAL AFRICAN REPUBLIC", "abbreviation": "CE"
    },
    {"name": "CHAD", "abbreviation": "CG"
    },
    {"name": "CHILE", "abbreviation": "CL"
    },
    {"name": "CHINA", "abbreviation": "CP"
    },
    {"name": "COLOMBIA", "abbreviation": "CB"
    },
    {"name": "COMOROS", "abbreviation": "CO"
    },
    {"name": "CONGO - BRAZZAVILLE", "abbreviation": "CQ"
    },
    {"name": "CONGO - KINSHASA", "abbreviation": "ZR"
    },
    {"name": "COSTA RICA", "abbreviation": "CC"
    },
    {"name": "COTE D’IVOIRE", "abbreviation": "IV"
    },
    {"name": "CROATIA", "abbreviation": "ZC"
    },
    {"name": "CUBA", "abbreviation": "CU"
    },
    {"name": "CURACAO", "abbreviation": "CW"
    },
    {"name": "CYPRUS", "abbreviation": "CY"
    },
    {"name": "CZECH REPUBLIC", "abbreviation": "XC"
    },
    {"name": "DENMARK", "abbreviation": "DK"
    },
    {"name": "DJIBOUTI", "abbreviation": "DJ"
    },
    {"name": "DOMINICA", "abbreviation": "DO"
    },
    {"name": "DOMINICAN REPUBLIC", "abbreviation": "DR"
    },
    {"name": "EAST TIMOR (TIMOR-LESTE)", "abbreviation": "TP"
    },
    {"name": "ECUADOR", "abbreviation": "EC"
    },
    {"name": "EGYPT", "abbreviation": "EG"
    },
    {"name": "EL SALVADOR", "abbreviation": "EL"
    },
    {"name": "EQUATORIAL GUINEA", "abbreviation": "EQ"
    },
    {"name": "ERITREA", "abbreviation": "ER"
    },
    {"name": "ESTONIA", "abbreviation": "EO"
    },
    {"name": "ETHIOPIA", "abbreviation": "ET"
    },
    {"name": "FIJI", "abbreviation": "FJ"
    },
    {"name": "FINLAND", "abbreviation": "SF"
    },
    {"name": "FRANCE", "abbreviation": "FR"
    },
    {"name": "FRENCH GUIANA", "abbreviation": "FG"
    },
    {"name": "FRENCH POLYNESIA", "abbreviation": "FP"
    },
    {"name": "GABON", "abbreviation": "GA"
    },
    {"name": "GAMBIA", "abbreviation": "GB"
    },
    {"name": "GEORGIA", "abbreviation": "GE"
    },
    {"name": "GERMANY", "abbreviation": "DE"
    },
    {"name": "GHANA", "abbreviation": "GH"
    },
    {"name": "GREECE", "abbreviation": "GR"
    },
    {"name": "GRENADA", "abbreviation": "GG"
    },
    {"name": "GUAM", "abbreviation": "GM"
    },
    {"name": "GUATEMALA", "abbreviation": "GT"
    },
    {"name": "GUINEA", "abbreviation": "GN"
    },
    {"name": "GUINEA-BISSAU", "abbreviation": "GS"
    },
    {"name": "GUYANA", "abbreviation": "GY"
    },
    {"name": "HAITI", "abbreviation": "HA"
    },
    {"name": "HONDURAS", "abbreviation": "HO"
    },
    {"name": "HUNGARY", "abbreviation": "HU"
    },
    {"name": "ICELAND", "abbreviation": "IC"
    },
    {"name": "INDIA", "abbreviation": "IN"
    },
    {"name": "INDONESIA", "abbreviation": "ID"
    },
    {"name": "IRAN", "abbreviation": "IA"
    },
    {"name": "IRAQ", "abbreviation": "IQ"
    },
    {"name": "IRELAND", "abbreviation": "IR"
    },
    {"name": "ISRAEL", "abbreviation": "IS"
    },
    {"name": "ITALY", "abbreviation": "IT"
    },
    {"name": "JAMAICA", "abbreviation": "JM"
    },
    {"name": "JAPAN", "abbreviation": "JA"
    },
    {"name": "JORDAN", "abbreviation": "JO"
    },
    {"name": "KAZAKHSTAN", "abbreviation": "KZ"
    },
    {"name": "KENYA", "abbreviation": "KE"
    },
    {"name": "KIRIBATI", "abbreviation": "KI"
    },
    {"name": "KOSOVO", "abbreviation": "KV"
    },
    {"name": "KUWAIT", "abbreviation": "KU"
    },
    {"name": "KYRGYZSTAN", "abbreviation": "XZ"
    },
    {"name": "LAOS", "abbreviation": "LA"
    },
    {"name": "LATVIA", "abbreviation": "LV"
    },
    {"name": "LEBANON", "abbreviation": "LE"
    },
    {"name": "LESOTHO", "abbreviation": "LS"
    },
    {"name": "LIBERIA", "abbreviation": "LB"
    },
    {"name": "LIBYA", "abbreviation": "LI"
    },
    {"name": "LIECHTENSTEIN", "abbreviation": "FL"
    },
    {"name": "LITHUANIA", "abbreviation": "LT"
    },
    {"name": "LUXEMBOURG", "abbreviation": "LX"
    },
    {"name": "MACEDONIA", "abbreviation": "YR"
    },
    {"name": "MADAGASCAR", "abbreviation": "MG"
    },
    {"name": "MALAWI", "abbreviation": "MW"
    },
    {"name": "MALAYSIA", "abbreviation": "MS"
    },
    {"name": "MALDIVES", "abbreviation": "MV"
    },
    {"name": "MALI", "abbreviation": "ML"
    },
    {"name": "MALTA", "abbreviation": "MT"
    },
    {"name": "MARSHALL ISLANDS", "abbreviation": "MI"
    },
    {"name": "MARTINIQUE", "abbreviation": "MQ"
    },
    {"name": "MAURITANIA", "abbreviation": "MY"
    },
    {"name": "MAURITIUS", "abbreviation": "MU"
    },
    {"name": "MEXICO", "abbreviation": "MX"
    },
    {"name": "MICRONESIA", "abbreviation": "MR"
    },
    {"name": "MOLDOVA", "abbreviation": "MD"
    },
    {"name": "MONACO", "abbreviation": "MC"
    },
    {"name": "MONGOLIA", "abbreviation": "GO"
    },
    {"name": "MONTENEGRO", "abbreviation": "MJ"
    },
    {"name": "MOROCCO", "abbreviation": "MO"
    },
    {"name": "MOZAMBIQUE", "abbreviation": "MZ"
    },
    {"name": "NAMIBIA", "abbreviation": "NM"
    },
    {"name": "NAURU", "abbreviation": "NU"
    },
    {"name": "NEPAL", "abbreviation": "NE"
    },
    {"name": "NETHERLANDS", "abbreviation": "NL"
    },
    {"name": "NEW CALEDONIA", "abbreviation": "NC"
    },
    {"name": "NEW ZEALAND", "abbreviation": "NZ"
    },
    {"name": "NICARAGUA", "abbreviation": "NR"
    },
    {"name": "NIGER", "abbreviation": "NG"
    },
    {"name": "NIGERIA", "abbreviation": "NI"
    },
    {"name": "NORTH KOREA", "abbreviation": "KD"
    },
    {"name": "NORTHERN MARIANA ISLANDS", "abbreviation": "MN"
    },
    {"name": "NORWAY", "abbreviation": "NO"
    },
    {"name": "OMAN", "abbreviation": "OM"
    },
    {"name": "PAKISTAN", "abbreviation": "PA"
    },
    {"name": "PALAU", "abbreviation": "PW"
    },
    {"name": "PANAMA", "abbreviation": "PN"
    },
    {"name": "PAPUA NEW GUINEA", "abbreviation": "PP"
    },
    {"name": "PARAGUAY", "abbreviation": "PG"
    },
    {"name": "PERU", "abbreviation": "PR"
    },
    {"name": "PHILIPPINES", "abbreviation": "PH"
    },
    {"name": "POLAND", "abbreviation": "PL"
    },
    {"name": "PORTUGAL", "abbreviation": "PO"
    },
    {"name": "QATAR", "abbreviation": "QA"
    },
    {"name": "ROMANIA", "abbreviation": "RO"
    },
    {"name": "RUSSIA", "abbreviation": "RF"
    },
    {"name": "RWANDA", "abbreviation": "RW"
    },
    {"name": "SAMOA", "abbreviation": "WS"
    },
    {"name": "SAN MARINO", "abbreviation": "SM"
    },
    {"name": "SAO TOME AND PRINCIPE", "abbreviation": "ST"
    },
    {"name": "SAUDI ARABIA", "abbreviation": "SD"
    },
    {"name": "SENEGAL", "abbreviation": "SG"
    },
    {"name": "SERBIA", "abbreviation": "RS"
    },
    {"name": "SEYCHELLES", "abbreviation": "SE"
    },
    {"name": "SIERRA LEONE", "abbreviation": "SL"
    },
    {"name": "SINGAPORE", "abbreviation": "SI"
    },
    {"name": "SINT MAARTEN", "abbreviation": "SX"
    },
    {"name": "SLOVAKIA", "abbreviation": "SK"
    },
    {"name": "SLOVENIA", "abbreviation": "SB"
    },
    {"name": "SOLOMON ISLANDS", "abbreviation": "SS"
    },
    {"name": "SOMALIA", "abbreviation": "SO"
    },
    {"name": "SOUTH AFRICA", "abbreviation": "SA"
    },
    {"name": "SOUTH KOREA", "abbreviation": "KR"
    },
    {"name": "SOUTH SUDAN", "abbreviation": "SZ"
    },
    {"name": "SPAIN", "abbreviation": "ES"
    },
    {"name": "SRI LANKA", "abbreviation": "SR"
    },
    {"name": "ST. KITTS AND NEVIS", "abbreviation": "SJ"
    },
    {"name": "ST. LUCIA", "abbreviation": "SQ"
    },
    {"name": "ST. VINCENT AND THE GRENADINES", "abbreviation": "SV"
    },
    {"name": "SUDAN", "abbreviation": "SU"
    },
    {"name": "SURINAME", "abbreviation": "SN"
    },
    {"name": "SWAZILAND", "abbreviation": "KS"
    },
    {"name": "SWEDEN", "abbreviation": "SW"
    },
    {"name": "SWITZERLAND", "abbreviation": "CH"
    },
    {"name": "SYRIA", "abbreviation": "SY"
    },
    {"name": "TAIWAN", "abbreviation": "CT"
    },
    {"name": "TAJIKISTAN", "abbreviation": "TJ"
    },
    {"name": "TANZANIA", "abbreviation": "TA"
    },
    {"name": "THAILAND", "abbreviation": "TH"
    },
    {"name": "TOGO", "abbreviation": "TG"
    },
    {"name": "TONGA", "abbreviation": "TO"
    },
    {"name": "TRINIDAD AND TOBAGO", "abbreviation": "TT"
    },
    {"name": "TUNISIA", "abbreviation": "TU"
    },
    {"name": "TURKEY", "abbreviation": "TK"
    },
    {"name": "TURKMENISTAN", "abbreviation": "TM"
    },
    {"name": "TURKS AND CAICOS", "abbreviation": "TC"
    },
    {"name": "TUVALU", "abbreviation": "TV"
    },
    {"name": "UGANDA", "abbreviation": "UG"
    },
    {"name": "UKRAINE", "abbreviation": "UI"
    },
    {"name": "UNITED ARAB EMIRATES", "abbreviation": "UA"
    },
    {"name": "UNITED KINGDOM", "abbreviation": "UK"
    },
    {"name": "URUGUAY", "abbreviation": "UR"
    },
    {"name": "UZBEKISTAN", "abbreviation": "UZ"
    },
    {"name": "VANUATU", "abbreviation": "VA"
    },
    {"name": "VENEZUELA", "abbreviation": "VE"
    },
    {"name": "VIETNAM", "abbreviation": "VI"
    },
    {"name": "YEMEN", "abbreviation": "YE"
    },
    {"name": "ZAMBIA", "abbreviation": "ZA"
    },
    {"name": "ZIMBABWE", "abbreviation": "ZI"
    }
]
