{
    "FrequentUpdaterListGetResponse":{
      "SourceSystemID":"VIBEServices",
      "SourceTransactionID":"10e64892-202d-4ade-ace3-d5a0585b4694",
      "ServiceRequestTimestamp":"2019-05-22T13:06:02.165-05:00",
      "ServiceResponseTimestamp":"2019-05-22T13:06:02.408-05:00",
      "AuditCorrelationID":"10e64892-202d-4ade-ace3-d5a0585b4694",
      "FrequentUserResultSet":{
        "FrequentUserRecord":[
          {
            "CisUser":"akumar",
            "PivUpn":"0687163140@USCIS.DHS.GOV"
          },
          {
            "CisUser":"AKUMAR-BA",
            "PivUpn":"Anand.Kumar@uscis.dhs.gov"
          },
          {
            "CisUser":"AShepard",
            "PivUpn":"alan.shepard@test.uscis.dhs.gov"
          },
          {
            "CisUser":"clmims",
            "PivUpn":"0367931081@uscis.dhs.gov"
          },
          {
            "CisUser":"crhodes",
            "PivUpn":"0827733658@uscis.dhs.gov"
          },
          {
            "CisUser":"DJohnson",
            "PivUpn":"Dwayne.Johnson@test.uscis.dhs.gov"
          },
          {
            "CisUser":"ECeman",
            "PivUpn":"eugene.ceman@test.uscis.dhs.gov"
          },
          {
            "CisUser":"ECemantest",
            "PivUpn":"EUGENE.CEMAN@TEST.USCIS.DHS.GOV"
          },
          {
            "CisUser":"EMitchell",
            "PivUpn":"edgar.mitchell@test.uscis.dhs.gov"
          },
          {
            "CisUser":"EMitchell",
            "PivUpn":"Edgar.Mitchell@test.uscis.dhs.gov"
          },
          {
            "CisUser":"FBorman",
            "PivUpn":"frank.borman@test.uscis.dhs.gov"
          },
          {
            "CisUser":"GCooper",
            "PivUpn":"Gordon.Cooper@test.uscis.dhs.gov"
          },
          {
            "CisUser":"GCooper",
            "PivUpn":"GORDON.COOPER@TEST.USCIS.DHS.GOV"
          },
          {
            "CisUser":"GCooper",
            "PivUpn":"gordon.cooper@test.uscis.dhs.gov"
          },
          {
            "CisUser":"GGrissom",
            "PivUpn":"GUS.GRISSOM@TEST.USCIS.DHS.GOV"
          },
          {
            "CisUser":"GGrissom",
            "PivUpn":"gus.grissom@test.uscis.dhs.gov"
          },
          {
            "CisUser":"HQSCOPS",
            "PivUpn":"VIBE-SCOPS@uscis.dhs.gov"
          },
          {
            "CisUser":"JLovell",
            "PivUpn":"jim.lovell@test.uscis.dhs.gov"
          },
          {
            "CisUser":"jylee",
            "PivUpn":"0763539593@uscis.dhs.gov"
          },
          {
            "CisUser":"JYoung",
            "PivUpn":"john.young@test.uscis.dhs.gov"
          },
          {
            "CisUser":"kdharlow",
            "PivUpn":"0883726578@uscis.dhs.gov"
          },
          {
            "CisUser":"ksayal",
            "PivUpn":"0965922261@uscis.dhs.gov"
          },
          {
            "CisUser":"lmmolenj",
            "PivUpn":"0765387637@uscis.dhs.gov"
          },
          {
            "CisUser":"MCollins",
            "PivUpn":"michael.collins@test.uscis.dhs.gov"
          },
          {
            "CisUser":"memirog-usr",
            "PivUpn":"memirog-usr@cis1test.cisrtest.uscis.dhs.gov"
          },
          {
            "CisUser":"Perf_User1608",
            "PivUpn":"perf_user1608@cis1.cisr.uscis.dhs.gov"
          },
          {
            "CisUser":"TICAM234",
            "PivUpn":"9117151747@uscis.dhs.gov"
          },
          {
            "CisUser":"tjburns",
            "PivUpn":"0583519641@uscis.dhs.gov"
          },
          {
            "CisUser":"wschira",
            "PivUpn":"Wally.Schira@test.uscis.dhs.gov"
          }
        ]
      }
    }
  }
  