{
  "GetDolDetailByEtaCaseNumberResponse":{
    "SourceSystemID":"VIBEService",
    "SourceTransactionID":"f59eba00-35ad-4b90-852e-e62e31ae4e55",
    "ServiceRequestTimestamp":"2019-04-22T11:19:55.238-05:00",
    "ServiceResponseTimestamp":"2019-04-22T11:19:55.483-05:00",
    "AuditCorrelationID":"f59eba00-35ad-4b90-852e-e62e31ae4e55",
    "ResponseStatusMessage":{
      "StatusCode":"1",
      "Status":"SUCCESS"
    },
    "DolEtaFormType":"9142",
    "DolEtaFormVersion":"1",
    "DolJsonData":"{ \"DOL_DATA\" : { \"DOL_ETA_CLOB\" : {\"VISA_CLASS\":\"H-2A\",\"TEMPNEED_JOBTITLE\":\"Sheepherder\",\"TEMPNEED_SOC\":\"45-2093\",\"TEMPNEED_SOC_TITLE\":\"Farmworkers, Farm, Ranch, and Aquacultural Animals\",\"TEMPNEED_FULLTIME\":\"Yes\",\"TEMPNEED_START\":\"08-JUL-17\",\"TEMPNEED_END\":\"06-JUL-18\",\"TEMPNEED_WKR_POS\":\"1\",\"TEMPNEED_NATURE\":\"Seasonal\",\"TEMPNEED_DESCRIPTION\":\"Western Range Association employees are seasonal and needed for 364 days with varying start dates.\",\"CASE_NUMBER\":\"H-300-17110-840678\",\"CASE_STATUS\":\"DETERMINATION ISSUED - CERTIFICATION EXPIRED\",\"CASE_VALID_FROM\":\"08-JUL-17\",\"CASE_VALID_TO\":\"06-JUL-18\",\"EMP_BUSINESS_NAME\":\"WESTERN RANGE ASSOCIATION\",\"EMP_TRADE_NAME\":\"N/A\",\"EMP_ADDR1\":\"161 FIFTH AVENUE SOUTH\",\"EMP_ADDR2\":\"SUITE 100\",\"EMP_CITY\":\"TWIN FALLS\",\"EMP_STATE\":\"ID\",\"EMP_POSTCODE\":\"83301\",\"EMP_COUNTRY\":\"UNITED STATES OF AMERICA\",\"EMP_PROVINCE\":\"N/A\",\"EMP_PHONE\":\"208-595-2226\",\"EMP_PHONEEXT\":\"N/A\",\"EMP_FEIN\":\"941331977\",\"EMP_NAICS\":\"112410 - SHEEP FARMING\",\"EMP_NUMEMPLOYEES\":\"0\",\"EMP_GROSSRECEIPTS\":\"N/A\",\"EMP_YEAREST\":\"1953\",\"EMP_TYPE\":\"Association - Joint Employer (H-2A Only)\",\"EMPPOC_LASTNAME\":\"YOUREE\",\"EMPPOC_FIRSTNAME\":\"MONICA\",\"EMPPOC_MIDDLENAME\":\"N/A\",\"EMPPOC_JOBTITLE\":\"EXECUTIVE DIRECTOR\",\"EMPPOC_ADDR1\":\"161 FIFTH AVENUE SOUTH\",\"EMPPOC_ADDR2\":\"N/A\",\"EMPPOC_CITY\":\"TWIN FALLS\",\"EMPPOC_STATE\":\"ID\",\"EMPPOC_POSTCODE\":\"83301\",\"EMPPOC_COUNTRY\":\"UNITED STATES OF AMERICA\",\"EMPPOC_PROVINCE\":\"N/A\",\"EMPPOC_PHONE\":\"208-595-2226\",\"EMPPOC_PHONEEXT\":\"N/A\",\"EMPPOC_EMAIL\":\"LEGAL_WESTERNRANGE.NET@stagemail.doleta.gov\",\"ATTY_REPRESENT\":\"No\",\"ATTY_MIDDLENAME\":\"N/A\",\"ATTY_ADDR2\":\"N/A\",\"ATTY_STATE\":\"N/A\",\"ATTY_PROVINCE\":\"N/A\",\"ATTY_PHONEEXT\":\"N/A\",\"ATTY_EMAIL\":\"N/A\",\"ATTY_STATEBARNO\":\"N/A\",\"ATTY_STATEHIGHCT\":\"N/A\",\"ATTY_NAMEHIGHCT\":\"N/A\",\"JOB_TITLE\":\"Sheepherder\",\"JOB_HOURSPERWK\":\"40\",\"JOB_HOURSTART\":\"12:00 AM\",\"JOB_HOUREND\":\"12:00 PM\",\"JOB_SUPERVISOR\":\"No\",\"JOB_NUMBER_SUP\":\"0\",\"JOB_DUTIES\":\"Attends sheep and/or goat flock grazing on range or pasture: Herds flock and rounds up strays using trained dogs. Beds down flock near evening campsite. Guards flock from predatory animals and from eating poisonous plants. Drenches sheep and/or goats. May examine animals for signs of illness and administer vaccines, medications and insecticides according to instructions. May assist in lambing, docking, and shearing.  The work activities involve the herding or production of livestock (which includes work that is closely and directly related to herding and/or the production of livestock).   Must have 3 months experience with 800  1000 head flocks. One reference required.  More than 50% of work will be performed on the range.  Worker must be qualified sheepherder. \\n***Hours worked footnote:  On call for up to 24 hours 7 days a week***\",\"JOB_MINEDU\":\"None\",\"JOB_MINOTHER\":\"n/a\",\"JOB_MINEDUMAJOR\":\"n/a\",\"JOB_MINSECDEGREE\":\"No\",\"JOB_MINSECDEGTYPE\":\"N/A\",\"JOB_MINTRAINING\":\"No\",\"JOB_MINTRAININGMONTHS\":\"0\",\"JOB_MINTRAINFIELD\":\"N/A\",\"JOB_MINEXP\":\"Yes\",\"JOB_MINEXPMONTHS\":\"3\",\"JOB_MINEXPOCCU\":\"Sheepherder\",\"JOB_MINSPECIALREQ\":\"Must be qualified Sheepherder. One reference required to verify experience. Western Range Association and its rancher members promote a drug-free workplace. Misuse/abuse of alcohol, illegal drugs, or misuse of prescription medication is cause for termination. Applicants may be required to consent to a pre-employment chemical test at employer's expense. Failure to consent to testing, if required by employer will disqualify the applicant from employment.\",\"JOB_ADDR1\":\"11207 ROAD 26\",\"JOB_ADDR2\":\"N/A\",\"JOB_CITY\":\"MADERA\",\"JOB_COUNTY\":\"MADERA\",\"JOB_STATE\":\"CA\",\"JOB_POSTCODE\":\"93637\",\"JOB_MULITPLESITES\":\"No\",\"WAGE_FROM\":\"1777.98\",\"WAGE_TO\":\"1777.98\",\"WAGE_OTFROM\":\"0.00\",\"WAGE_OT_TO\":\"0.00\",\"WAGE_PER\":\"Month\",\"WAGE_PIECE\":\"N/A\",\"WAGE_ADDITIONAL\":\"Correct wages $1777.98 no cents allowed above.\\n\\nEmployer shall provide housing and board in accordance with the rules and regulations of the federal government of the United States of America.\",\"REC_SWANAME\":\"California EDD\",\"REC_JOBORDER\":\"15338419\",\"REC_JOBORDSTART\":\"01-MAY-17\",\"REC_JOBORDEND\":\"05-JAN-18\",\"REC_SUNDAYPAPER\":\"No\",\"REC_PAPERNAMES\":\"n/a\",\"REC_POSTFROM\":\"N/A\",\"REC_POSTTO\":\"N/A\",\"REC_ADDITIONAL\":\"n/a\",\"DECLARE_AGREE_H2A\":\"Yes\",\"PREP_LASTNAME\":\"n/a\",\"PREP_FIRSTNAME\":\"n/a\",\"PREP_MIDDLENAME\":\"n/\",\"PREP_JOBTITLE\":\"n/a\",\"PREP_BIZNAME\":\"n/a\",\"PREP_EMAIL\":\"n/a\",\"CASE_DETERM\":\"10-MAY-17\",\"CASE_SUBMIT\":\"20-APR-17\",\"CHANGED_DATE\":\"07-JUL-18\",\"LASTMOD_DATE\":\"07-JUL-18\",\"SUBMIT_IPADDRESS\":\"69.92.140.69\"}, \"DOL_ETA_WORKSITES\" : [{\"CASE_NUMBER\":\"H-300-17110-840678\",\"LASTMOD_DATE\":\"07-JUL-18\",\"JOB_ADDR1\":\"\",\"JOB_ADDR2\":\"\",\"JOB_CITY\":\"\",\"JOB_COUNTY\":\"\",\"JOB_STATE\":\"\",\"JOB_POSTCODE\":\"\",\"JOB_MULITPLESITES\":\"\",\"STATE_TERRITORY\":\"California\",\"AREA_BASED_ON\":\"County/Township\",\"AREA\":\"MADERA - MADERA, CA MSA\",\"RNUM\":\"1\"},{\"CASE_NUMBER\":\"H-300-17110-840678\",\"LASTMOD_DATE\":\"07-JUL-18\",\"JOB_ADDR1\":\"\",\"JOB_ADDR2\":\"\",\"JOB_CITY\":\"\",\"JOB_COUNTY\":\"\",\"JOB_STATE\":\"\",\"JOB_POSTCODE\":\"\",\"JOB_MULITPLESITES\":\"\",\"STATE_TERRITORY\":\"California\",\"AREA_BASED_ON\":\"County/Township\",\"AREA\":\"FRESNO - FRESNO, CA MSA\",\"RNUM\":\"3\"}],\"DOL_ETA_EMPLOYERS\" : [{\"CASE_NUMBER\":\"H-300-17110-840678\",\"LASTMOD_DATE\":\"07-JUL-18\",\"EMP_BUSINESS_NAME\":\"JOHN M. LASGOITY\",\"EMP_TRADE_NAME\":\"\",\"EMP_ADDR1\":\"11207 ROAD 26\",\"EMP_ADDR2\":\"\",\"EMP_CITY\":\"MADERA\",\"EMP_STATE\":\"CA\",\"EMP_POSTCODE\":\"93637\",\"EMP_COUNTRY\":\"UNITED STATES OF AMERICA\",\"EMP_PROVINCE\":\"\",\"EMP_PHONE\":\"559-673-9246\",\"EMP_PHONEEXT\":\"\",\"EMP_FEIN\":\"941358630\",\"EMP_NAICS\":\"\",\"NAICS_TEXT\":\"\",\"EMP_NUMEMPLOYEES\":\"\",\"EMP_GROSSRECEIPTS\":\"\",\"EMP_YEAREST\":\"\",\"EMP_TYPE\":\"\",\"SUB_CERTIFIED\":\"1\",\"SUB_CERT_BEGIN_DATE\":\"08-JUL-17\",\"SUB_CERT_END_DATE\":\"06-JUL-18\",\"RNUM\":\"1\"}],\"DOL_ETA_EDUCATION\" : {\"RESPONSECODE\":\"NO_DATA\",\n                    \"RESPONSEMESSAGE\":\"No data available for this case.\",\"DOLCASENUMBER\":\"H30017110840678\"}} }"
  }
}