{
    "SourceSystemID": "VIBEServices",
    "SourceTransactionID": "426f2d90-6187-4ff8-97f2-268fbc0d1bcd",
    "ServiceRequestTimestamp": "2019-08-29T02:28:33.441-05:00",
    "ServiceResponseTimestamp": "2019-08-29T02:28:34.306-05:00",
    "AuditCorrelationID": "426f2d90-6187-4ff8-97f2-268fbc0d1bcd",
    "DunsNumber": "119288236",
    "OrganizationName": "Verinon Technology Solutions Limited",
    "ConfidenceFactor": "10",
    "Address": {
        "StreetFullText": "3395 N Arlington Heights Rd",
        "LocationCityName": "Arlington Heights",
        "LocationPostalCode": "60004-1566",
        "LocationStateName": "IL",
        "LocationCountryName": "USA"
    },
    "PredefinedInformationRecord": {
        "ExceptionID": "3776",
        "DunsNumber": "119288236",
        "OrganizationName": "Verinon Technology Solutions Limited",
        "Comment": "Make EAC1420051414 red",
        "ProcessStatus": "A",
        "OverrideScore": "RED",
        "ValidStartDate": "2018-12-02",
        "ValidEndDate": "2020-12-30",
        "DateAdded": "2018-12-02",
        "ApprovedBy": "0687163140@USCIS.DHS.GOV",
        "ApprovalDate": "2018-12-02T21:58:22-06:00",
        "LockedBy": "0687163140@USCIS.DHS.GOV",
        "LockedTime": "2019-08-19T14:39:26-05:00",
        "AddedBy": "akumar"
    },
    "OrganizationInformation": {
        "OrganizationDetail": {
            "AGN_ID": "81735352",
            "DUNSNumber": "119288236",
            "MatchConfidenseCode": "10",
            "OutOfBusinessIndicator": "N",
            "OrganizationName": "Verinon Technology Solutions Limited",
            "OrganizationPhone": {
                "TelephoneCountryCodeID": [
                    "1"
                ],
                "TelephoneNumberID": [
                    "8475775256"
                ]
            },
            "TradeStyleNames": {
                "OrganizationDoingBusinessAsName": [
                    {
                        "id": "tradestyle1",
                        "_content_": "Verinon"
                    }
                ]
            },
            "OrganizationEstablishedDate": "2003",
            "SubsidiaryIndicator": "0",
            "LocalBusinessID": "161636875",
            "LocalBusinessID_EIN_TIN": "FEIN",
            "SmallBusinessIndicator": "Y",
            "GlobalUltimateDUNSNumber": "119288236",
            "GlobalUltimateName": {
                "OrganizationName": [
                    "Verinon Technology Solutions Limited"
                ]
            },
            "GlobalUltimateCountryCode": "USA",
            "DomesticUltimateDUNSNumber": "119288236",
            "DomesticUltimateName": "Verinon Technology Solutions Limited",
            "EmployeeGrowthRate3Year": "235",
            "EmployeeCountUSA": 20,
            "EmployeeCountUSACode": 0,
            "EmployeeCountWorldWide": 285,
            "EmployeeCountWorldWideCode": 0,
            "NorthAmericanIndustryClassificationSystems": {
                "NAICS": [
                    {
                        "NAICSCode": "541512",
                        "NAICSDescription": "Computer Systems Design Services"
                    },
                    {
                        "NAICSCode": "541512",
                        "NAICSDescription": "Computer Systems Design Services"
                    },
                    {
                        "NAICSCode": "541511",
                        "NAICSDescription": "Custom Computer Programming Services"
                    }
                ]
            },
            "GovernmentContractor": "N",
            "LocationCountryDescription": "USA",
            "LegalStatusCode": "003",
            "SiteStatusIndicator": "1",
            "LocationType": "1",
            "ImportExportIndicator": "G",
            "NumberFamilyMembers": "3",
            "ProofOfRightCount": "00004",
            "TotalTradePayments": "0006",
            "CEOFullName": "Pradeep Mannemela",
            "ControlYear": "2003",
            "OwnsRentsIndicator": "0",
            "FinancialStressClass": "3",
            "HistoryIndicator": "KE",
            "Executives": {
                "Executive": [
                    {
                        "id": "exec1",
                        "_content_": "TEWABE AYENEW, Chief Executive Officer"
                    },
                    {
                        "id": "exec2",
                        "_content_": "RAJ GINNE, Vice President"
                    }
                ]
            },
            "SalesVolumeUSA": "18687822",
            "SalesVolumeUSACode": "3",
            "ForeignAffliateIndicator": "Y",
            "NixieCode": "N",
            "Latitude": "42.137446",
            "Longitude": "-87.98502",
            "TixieFlag": "N",
            "PopulationCode": "9",
            "PrimarySicCode": "73790203",
            "HighCredit": "00000000500",
            "AvgCredit": "00000000275",
            "SecuredFilingsIndc": "Y",
            "SuitsJudgmentsIndc": "N",
            "ClaimsIndc": "Y",
            "PaydexScore": "053",
            "FinancialEmbarrasIndc": "N",
            "EaiCode": "032"
        },
        "PhysicalAddress": {
            "StreetFullText": "3395 N Arlington Heights Rd",
            "LocationCityName": "Arlington Heights",
            "LocationPostalCode": "60004-1566",
            "LocationStateName": "IL",
            "LocationCountryName": "USA"
        }
    }
}
