{
    "testResponse":{
    "duns": "119288236",
    "organizationName": "119288236",
    "address": {
        "city": "119288236",
        "country": "119288236",
        "postalCode": "119288236",
        "state": "119288236",
        "streetFull": "119288236",
        "telephoneNumber": null
    },
    "overrideScore": "119288236",
    "validUntilDateRange": {
        "startDate": "119288236",
        "endDate": "119288236"
    },
    "fdnsdsNumber": "119288236",
    "justificationComment": "119288236",
    "predefinedInformationComment": "119288236",
    "siteVisitProgram": "119288236",
    "nominationSource": "119288236",
    "addedBy": "119288236",
    "processStatus": "119288236",
    "dateAdded": "119288236",
    "approvalDate": "119288236",
    "approvedBy": "119288236",
    "preDefFormCommentType": "119288236",
    "lastWizardStep": "119288236"
}}