{
    "PredefinedInformationGetDetailResponse":{
      "duns":"079105360",
      "organizationName":"Prl Global Inc",
      "address":{
        "city":"Placentia",
        "country":"US",
        "postalCode":"928706737",
        "state":"CA",
        "streetFull":"1907 Nancita Cir",
        "telephoneNumber":"",
        "addressId":"528868811"
      },
      "overrideScore":"RED",
      "validUntilDateRange":{
        "startDate":"2016-12-20",
        "endDate":"2024-04-22"
      },
      "fdnsdsNumber":"CASE # 1-140627948",
      "justificationComment":"Sample justification comment",
      "predefinedInformationComment":"4/23/14: Field Office Directorate conducted a site check on PRL Global, Inc to determine the petitioner's bona fides.  The company was not operating as indicated in filings.  An unrelated company was located at the address indicated on the petition.  That company's CFO, and the beneficiary's sister-in-law who was interviewed off-site, seemed to be covering for the nonexistent petitioner.  Fraud was found.  DS case # 1-140627948.",
      "siteVisitProgram":"SIEVE",
      "nominationSource":"AAO, KCC",
      "addedBy":"0334878384@uscis.dhs.gov",
      "processStatus":"A",
      "dateAdded":"2016-12-20",
      "approvalDate":"2016-12-20T13:02:14-06:00",
      "approvedBy":"FDS6471A",
      "preDefFormCommentType":"I129I140I360I485J",
      "lastWizardStep":"ACCEPTED",
      "receiptNumber":"ABC0123456789",
      "fein":"123456789",
      "responseStatusMessage":{
        "statusCode":"ESB-VIBE.STATUS.002",
        "status":"Operation Sucessful"
      }
    }
  }