{
    "PreviousFilingsGetByDunsNumber-Response": {
        "SourceSystemID": "VIBEService",
        "SourceTransactionID": "534253425345435",
        "ServiceRequestTimestamp": "2019-01-23T16:46:08.336-05:00",
        "ServiceResponseTimestamp": "2019-01-23T16:46:08.641-05:00",
        "AuditCorrelationID": "534253425345435",
        "PreviousFilingsResultSet": {
            "totalRecordCount": 1,
            "lastRecordIndex": 1,
            "recordCountInThisResultSet": 1,
            "PreviousFilingRecord": [
                {
                    "PetitionID": 147972824,
                    "ReceiptNumber": "WAC1816850376",
                    "AdjudicativeStatus": "APPROVED",
                    "DateAdded": "2018-05-13",
                    "ReceiptDate": "2018-05-11",
                    "VisaType": "L1A",
                    "ConfidenceFactor": "10",
                    "OrganizationName": null
                }
            ]
        }
    }
}