{
    "VsrGetResponse":{
      "SourceSystemID":"VIBEService",
      "SourceTransactionID":"81a6a4eb-da52-456c-bb43-1bdcf54ffc69",
      "ServiceRequestTimestamp":"2019-09-10T16:56:06.052-05:00",
      "ServiceResponseTimestamp":"2019-09-10T16:56:06.223-05:00",
      "AuditCorrelationID":"81a6a4eb-da52-456c-bb43-1bdcf54ffc69",
      "VsrResultSet":{
        "lastRecordIndex":1,
        "recordCountInThisResultSet":1,
        "totalRecordCount":1,
        "VsrRecord":[
          {
            "ScoreID":"422678810",
            "AdjudicativeStatus":"DENIED FRAUD",
            "ReceiptNumber":"WAC1323050414",
            "PetitionInformation":{
              "ReceiptNumber":"WAC1323050414",
              "PetitionVisaType":"L1A",
              "PetitionType":"I129",
              "ReceiptDate":"2013-08-22-05:00",
              "RecordTimeStamp":"2013-08-23T02:06:26-05:00",
              "OrganizationDataSource":"Petition",
              "OrganizationName":"PRL GLOBAL INC",
              "Address":{
                "AddressID":"453631720",
                "StreetFullText":"1907 NANCITA CIR",
                "StreetExtensionText":"N/A",
                "LocationCityName":"PLACENTIA",
                "LocationPostalCode":"92870",
                "LocationStateName":"CA",
                "LocationCountryName":null
              },
              "DolEtaCaseNumber":null,
              "Fein":"462341586"
            },
            "VIBEScoreResult":{
              "Score":"RED",
              "ScoreRunTimeStamp":"2019-09-09T14:39:01-05:00",
              "Matched":"Yes",
              "ConfidenceFactor":"10"
            },
            "VibePreDefinedCompanyScore":{
              "ExceptionID":"10084",
              "OverrideScore":"RED",
              "OverrideScoreSource":"HQSCOPS",
              "ScoreValidUntil":"2024-04-22T23:59:59-05:00",
              "OrganizationRelationship":"CASE # 1-140627948",
              "Comment":"4/23/14: Field Office Directorate conducted a site check on PRL Global, Inc to determine the petitioner's bona fides.  The company was not operating as indicated in filings.  An unrelated company was located at the address indicated on the petition.  That company's CFO, and the beneficiary's sister-in-law who was interviewed off-site, seemed to be covering for the nonexistent petitioner.  Fraud was found.  DS case # 1-140627948."
            },
            "DNBMatchedBranchInformation":"",
            "DNBMatchedCompanyInformation":{
              "OrganizationName":"Prl Global Inc",
              "Address":{
                "AddressID":"535590043",
                "StreetFullText":"1907 Nancita Cir",
                "StreetExtensionText":null,
                "LocationCityName":"Placentia",
                "LocationPostalCode":"92870-6737",
                "LocationStateName":"CA",
                "LocationCountryName":"US"
              },
              "LocationType":"Single Location",
              "OrganizationPhone":{
                "TelephoneNumberFullID":"1-(714) 789-3475"
              },
              "OrganizationDUNSNumber":"079105360",
              "RelationshipToGlobal":"Not a subsidiary site",
              "ForeignRelationshipIndicator":"No"
            },
            "DNBDetailedCompanyInformation":{
              "CEOName":"Indira Desai",
              "LegalStatusCode":"corporation",
              "ImportExport":"Not available or None",
              "NumberOfRelatedEntities":0,
              "NumberOfCorroboratingSources":1,
              "TotalTradePayments":0.0,
              "NumberOfEmployeesInUSA":"4 (Actual figure)",
              "NumberOfEmployeesWorldWide":"4 (Actual figure)",
              "YearEstablished":2013,
              "ManagementControlYear":2013,
              "SevereRisk":"No",
              "OutOfBusinessIndicator":false,
              "NAICCodes":{
                "NAIC1":"561110-Office Administrative Services",
                "NAIC2":"541910-Marketing Research and Public Opinion Polling",
                "NAIC3":"",
                "NAIC4":"",
                "NAIC5":"",
                "NAIC6":""
              },
              "TradeStyleCodes":"",
              "NonProfitIndicator":"No"
            },
            "DNBCompanyExecutiveBio":{
              "Executive1":"",
              "Executive2":"",
              "Executive3":""
            },
            "DNBCompanyFinancialInformation":{
              "GrossAnualIncome":"131641 | (Modeled)"
            }
          }
        ]
      }
    }
  }