{
    "SourceSystemID": "vsr-resubmit",
    "SourceTransactionID": "resubmit-12345678",     
    "EndUserID":"akumar",  
    "ReceiptNumber": "WAC1419550371",
    "Duns": "001368083",
    "Address": {
        "OrganizationName": "International Business Machines Corporation",
        "StreetFull": "1 NEW ORCHARD Rd",       
        "TelephoneNumber":"",     
        "City": null,
        "PostalCode": "105041722",
        "State": "New York",
        "Country": "United States"
    }
}


