{
    "VsrResubmitResponse": {
        "SourceSystemID": "VIBEService",
        "SourceTransactionID": "3f377f6a-d04f-47ad-bbe2-1c454db7ff17",
        "ServiceRequestTimestamp": "2018-11-13T18:23:33.504-05:00",
        "ServiceResponseTimestamp": "2018-11-13T18:23:35.867-05:00",
        "AuditCorrelationID": "3f377f6a-d04f-47ad-bbe2-1c454db7ff17",
        "VsrResultSet": {
            "lastRecordIndex": 1,
            "recordCountInThisResultSet": 1,
            "totalRecordCount": 1,
            "VsrRecord": [
                {
                    "ScoreID": "1253146",
                    "AdjudicativeStatus": "DENIED",
                    "ReceiptNumber": "WAC1419550371",
                    "PetitionInformation": {
                        "ReceiptNumber": "WAC1419550371",
                        "PetitionVisaType": "1B1",
                        "PetitionType": "I129",
                        "ReceiptDate": "2014-07-02-04:00",
                        "RecordTimeStamp": "2018-04-27T10:14:46-04:00",
                        "OrganizationDataSource": "Manual",
                        "OrganizationName": "IBM CORPORATION",
                        "Address": {
                            "AddressID": "329455574",
                            "StreetFullText": "P O BOX 12195",
                            "StreetExtensionText": "N/A",
                            "LocationCityName": "DURHAM",
                            "LocationPostalCode": "27709",
                            "LocationStateName": "NC",
                            "LocationCountryName": {
                                "nil": true
                            }
                        },
                        "DolEtaCaseNumber": {
                            "nil": true
                        }
                    },
                    "ManualSearchInfo": {
                        "OrganizationName": "International Business Machines Corporation",
                        "Address": {
                            "AddressID": "329498407",
                            "StreetFullText": "1 NEW ORCHARD RD",
                            "StreetExtensionText": {
                                "nil": true
                            },
                            "LocationCityName": "ARMONK",
                            "LocationPostalCode": "105041722",
                            "LocationStateName": "NY",
                            "LocationCountryName": "USA"
                        },
                        "RelatedToPetitioner": true
                    },
                    "VIBEScoreResult": {
                        "Score": "RED",
                        "ScoreRunTimeStamp": "2018-11-13T14:10:54-05:00",
                        "Matched": "Yes",
                        "ConfidenceFactor": "10"
                    },
                    "VibePreDefinedCompanyScore": {
                        "OverrideScore": "RED",
                        "OverrideScoreSource": "HQSCOPS",
                        "ScoreValidUntil": "2019-10-31T23:59:59-04:00",
                        "OrganizationRelationship": "5345345",
                        "Comment": "Score IBM RED for testing purposes"
                    },
                    "DNBMatchedBranchInformation": null,
                    "DNBMatchedCompanyInformation": {
                        "OrganizationName": "International Business Machines Corporation",
                        "Address": {
                            "AddressID": "329498407",
                            "StreetFullText": "1 NEW ORCHARD RD",
                            "StreetExtensionText": {
                                "nil": true
                            },
                            "LocationCityName": "ARMONK",
                            "LocationPostalCode": "105041722",
                            "LocationStateName": "NY",
                            "LocationCountryName": "USA"
                        },
                        "LocationType": "HQ Location",
                        "OrganizationPhone": {
                            "TelephoneNumberFullID": "1-(914) 499-1900"
                        },
                        "OrganizationDUNSNumber": "001368083",
                        "GlobalUltimateDUNSNumber": "001368083",
                        "GlobalUltimateCompanyName": "International Business Machines Corporation",
                        "RelationshipToGlobal": "Not a subsidiary site",
                        "ForeignRelationshipIndicator": "Yes",
                        "OwnershipStatus": "Owns Space"
                    },
                    "DNBDetailedCompanyInformation": {
                        "CEOName": "Virginia M Rometty",
                        "LegalStatusCode": "corporation",
                        "ImportExport": "Import/Export",
                        "NumberOfRelatedEntities": 1536,
                        "NumberOfCorroboratingSources": 4,
                        "TotalTradePayments": 529,
                        "NumberOfEmployeesInUSA": "850 (Actual figure)",
                        "NumberOfEmployeesWorldWide": "850 (Actual figure)",
                        "YearEstablished": 1910,
                        "ManagementControlYear": 1910,
                        "SevereRisk": "No",
                        "HistoryType": "Clear History",
                        "OutOfBusinessIndicator": false,
                        "NAICCodes": {
                            "NAIC1": "541512-Computer Systems Design Services",
                            "NAIC2": "541511-Custom Computer Programming Services",
                            "NAIC3": "334111-Electronic Computer Manufacturing",
                            "NAIC4": "334112-Computer Storage Device Manufacturing",
                            "NAIC5": "334413-Semiconductor and Related Device Manufacturing",
                            "NAIC6": null
                        },
                        "TradeStyleCodes": {
                            "TradeStyle1": "IBM"
                        }
                    },
                    "DNBCompanyExecutiveBio": {
                        "Executive1": "JAMES J KAVANAUGH, Senior Vice President",
                        "Executive2": "MICHELLE H BROWDY, Senior Vice President",
                        "Executive3": "DIANE J GHERSON, Senior Vice President"
                    },
                    "DNBCompanyFinancialInformation": {
                        "GrossAnualIncome": "79139000000 | (Actual Value)",
                        "FinancialStressScore": 2
                    }
                }
            ]
        }
    }
}
