[
    {"name": "Alabama - AL", "abbreviation": "AL"
    },
    {"name": "Alaska - AK", "abbreviation": "AK"
    },
    {"name": "American Samoa - AS", "abbreviation": "AS"
    },
    {"name": "Arizona - AZ", "abbreviation": "AZ"
    },
    {"name": "Arkansas - AR", "abbreviation": "AR"
    },
    {"name": "California - CA", "abbreviation": "CA"
    },
    {"name": "Colorado - CO", "abbreviation": "CO"
    },
    {"name": "Connecticut - CT", "abbreviation": "CT"
    },
    {"name": "Delaware - DE", "abbreviation": "DE"
    },
    {"name": "District of Columbia - DC", "abbreviation": "DC"
    },
    {"name": "Federated States Of Micronesia - FM", "abbreviation": "FM"
    },
    {"name": "Florida - FL", "abbreviation": "FL"
    },
    {"name": "Georgia - GA", "abbreviation": "GA"
    },
    {"name": "Guam - GU", "abbreviation": "GU"
    },
    {"name": "Hawaii - HI", "abbreviation": "HI"
    },
    {"name": "Idaho - ID", "abbreviation": "ID"
    },
    {"name": "Illinois - IL", "abbreviation": "IL"
    },
    {"name": "Indiana - IN", "abbreviation": "IN"
    },
    {"name": "Iowa - IA", "abbreviation": "IA"
    },
    {"name": "Kansas - KS", "abbreviation": "KS"
    },
    {"name": "Kentucky - KY", "abbreviation": "KY"
    },
    {"name": "Louisiana - LA", "abbreviation": "LA"
    },
    {"name": "Maine - ME", "abbreviation": "ME"
    },
    {"name": "Marshall Island - MH", "abbreviation": "MH"
    },
    {"name": "Maryland - MD", "abbreviation": "MD"
    },
    {"name": "Massachusetts - MA", "abbreviation": "MA"
    },
    {"name": "Michigan - MI", "abbreviation": "MI"
    },
    {"name": "Minnesota - MN", "abbreviation": "MN"
    },
    {"name": "Mississippi - MS", "abbreviation": "MS"
    },
    {"name": "Missouri - MO", "abbreviation": "MO"
    },
    {"name": "Montana - MT", "abbreviation": "MT"
    },
    {"name": "Nebraska - NE", "abbreviation": "NE"
    },
    {"name": "Nevada - NV", "abbreviation": "NV"
    },
    {"name": "New Hampshire - NH", "abbreviation": "NH"
    },
    {"name": "New Jersey - NJ", "abbreviation": "NJ"
    },
    {"name": "New Mexico - NM", "abbreviation": "NM"
    },
    {"name": "New York - NY", "abbreviation": "NY"
    },
    {"name": "North Carolina - NC", "abbreviation": "NC"
    },
    {"name": "North Dakota - ND", "abbreviation": "ND"
    },
    {"name": "Northern Mariana Islands - MP", "abbreviation": "MP"
    },
    {"name": "Ohio - OH", "abbreviation": "OH"
    },
    {"name": "Oklahoma - OK", "abbreviation": "OK"
    },
    {"name": "Oregon - OR", "abbreviation": "OR"
    },
    {"name": "Palau - PW", "abbreviation": "PW"
    },
    {"name": "Pennsylvania - PA", "abbreviation": "PA"
    },
    {"name": "Puerto Rico - PR", "abbreviation": "PR"
    },
    {"name": "Rhode Island - RI", "abbreviation": "RI"
    },
    {"name": "South Carolina - SC", "abbreviation": "SC"
    },
    {"name": "South Dakota - SD", "abbreviation": "SD"
    },
    {"name": "Tennessee - TN", "abbreviation": "TN"
    },
    {"name": "Texas - TX", "abbreviation": "TX"
    },
    {"name": "Utah - UT", "abbreviation": "UT"
    },
    {"name": "Vermont - VT", "abbreviation": "VT"
    },
    {"name": "Virgin Islands - VI", "abbreviation": "VI"
    },
    {"name": "Virginia - VA", "abbreviation": "VA"
    },
    {"name": "Washington - WA", "abbreviation": "WA"
    },
    {"name": "West Virginia - WV", "abbreviation": "WV"
    },
    {"name": "Wisconsin - WI", "abbreviation": "WI"
    },
    {"name": "Wyoming - WY", "abbreviation": "WY"
    }
]